key,context,example,source,ru,es,pt,fr,de,it,ja,ko,zh-hans,zh-hant,id,th,tr,vi,pl,ar,orphan
btn-claim,,,Claim!,Получить!,¡Reclamar!,Resgatar!,Réclamer !,Beanspruchen!,Richiedi!,受け取る！,획득!,领取！,領取！,Klaim!,รับ!,Al!,Nhận!,Odbierz!,الحصول!,
btn-claimed,,,Claimed,Получено,Reclamado,Resgatado,Réclamé,Beansprucht,Reclamato,受け取り済み,획득됨,已领取,已領取,Terklaim,รับแล้ว,Alındı,Đã nhận,Odebrano,تم الاستلام,
btn-tomorrow,,,Tomorrow,Завтра,Mañana,Amanhã,Demain,Morgen,Domani,明日,내일,明天,明天,Besok,พรุ่งนี้,Yarın,Ngày mai,Jutro,غدا,
btn-locked,,,Locked,Закрыто,Bloqueado ,Trancado,Verrouillé,Gesperrt,Bloccato ,ロック済み,잠김,已锁定,已鎖定,Terkunci,ล็อค,Kilitli,Bị Khóa,Zablokowane,مقفل,
label-day-n,,,Day {n},День {n},Día {n},Dia {n},Jour {n},Tag {n},Giorno {n},日 {n},일 {n},第{n}天,第{n}天,Hari {n},วันที่ {n},Gün {n},Ngày {n},Dzień {n},اليوم {n},
label-gold-n,,,+{n} Gold,+{n} золота,+{n} Oro ,+{n} Ouro,+{n} Or,+{n} Gold ,+{n} Oro ,+{n} ゴールド,+{n} 골드,+{n} 金币,+{n} 黃金,+{n} Emas ,+{n} ทอง,+{n} Altın,+{n} Vàng ,+{n} Złota,+{n} الذهب ,
label-gems-n,,,+{n} Gems,+{n} драгоценных камней,+{n} Gemas ,+{n} Gemas,+{n} Gemmes,+{n} Edelsteine ,+{n} gemme ,+{n} ジェム,+{n} 보석,+{n} 颗宝石,+{n} 顆寶石,+{n} Permata ,+{n} อัญมณี,+{n} Mücevherler,+{n} Đá quý ,+{n} klejnotów ,+{n} الجواهر ,
label-calories-n,,,+{n} Cal,+{n} калорий,+{n} Calorías ,+{n} Calorias,+{n} Cal,+{n} Kalorien,+{n} Cal,+{n} カロリー,+{n} 캘,+{n} 卡路里 ,+{n} 卡路里,+{n} Kalori ,+{n} Cal,+{n} Kalori,+{n} Calo,+{n} kalorii,+{n} من السعرات الحرارية,
label-egg,,,Free Egg,Бесплатное яйцо,Huevo gratis,Ovo Grátis,Oeuf gratuit,Kostenloses Ei,Uovo gratuito,無料の卵,무료 에그,免费鸡蛋,免費雞蛋,Telur Gratis,ไข่ฟรี,Bedava Yumurta,Trứng miễn phí,Darmowe jajko.,البيضة المجانية,
label-egg-epic,,,EPIC Egg!,Эпическое яйцо!,Huevo épico!,Ovo ÉPICO!,Oeuf épique !,EPISCHES Ei!,Uovo EPICO!,エピックエッグ！,에픽 에그!,史诗蛋！,史詩蛋！,Telur EPIC!,ไข่อีปิค!,Epik Yumurta!,Trứng EPIC!,Epickie jajko!,البيضة الأسطورية!,
label-boost,,,x2 Boost,x2 Усиление ,Impulso x2,x2 Impulso ,Boost x2,x2 Schub\n,x2 Potenziamento ,x2ブースト,x2 부스트,x2 加成 ,雙倍加成,x2 Peningkatan ,x2 บูส ,x2 Takviye,x2 Tăng cường ,x2 Wzmocnienie,تعزيز x2,
boost-bite,,,Extra Bite,Дополнительный укус,Mordida extra,Mordida Extra,Morsure supplémentaire,Extra-Biss ,Morso Extra,エクストラバイト,추가 바이트,额外一口,額外一口,Gigitan Ekstra,กัดพิเศษ,Ekstra ısırma ,Thêm một miếng,Dodatkowe ugryzienie,لقمة إضافية,
boost-speed,,,x2 Speed,x2 Скорость,x2 Velocidad,x2 Velocidade,x2 Vitesse,x2 Geschwindigkeit,x2 Velocità,x2 スピード,x2 스피드,x2 速度,雙倍速度,x2 Kecepatan,x2 ความเร็ว,x2 Hız,x2 Tốc độ,x2 Prędkość,سرعة x2,
boost-capacity,,,x2 Stomach,x2 Желудок,x2 Estómago ,x2 Estômago,x2 Estomac,x2 Magen,x2 Stomaco ,x2 胃,x2 배\n,x2 胃,x2 胃,x2 Perut ,x2 ท้อง ,x2 Mide,x2 Dạ dày,x2 Brzuch,x2 المعدة,
boost-15m,,,x2 Calories,x2 калорий,x2 Calorías ,x2 Calorias,x2 Calories,x2 Kalorien,x2 Calorie,x2カロリー,x2 칼로리,x2 卡路里,雙倍卡路里,x2 Kalori ,x2 แคลอรี่,x2 Kalori,x2 Calo,x2 Kalorie,×2 السعرات الحرارية,
status-code-ok-gems,,,Code redeemed! +{n} Gems,Код активирован! +{n} самоцветов,Código canjeado! +{n} Gemas ,Código resgatado! +{n} Gemas,Code utilisé ! +{n} Gemmes,Code eingelöst! +{n} Edelsteine ,Codice riscattato! +{n} gemme ,コードを引き換えました！+{n}ジェム,코드 교환 완료! +{n} 보석,兑换码已兑换！+{n} 颗宝石 ,代碼已兌換！+{n} 顆寶石 ,Kode ditebus! +{n} Permata ,แลกโค้ดแล้ว! +{n} อัญมณี,Kod kullanıldı! +{n} Mücevher,Mã đã được sử dụng! +{n} Gems,Kod wykorzystany! +{n} klejnotów,تم استرداد الرمز! +{n} الجواهر ,
menu-daily,,,Daily,Ежедневно,Diario,Diário,Quotidien,Täglich ,Giornaliero ,デイリー,일간,每日,每日,Harian,ประจำวัน,Günlük,Hàng ngày,Codzienne,يوميا,
menu-shop,,,Shop,Магазин,Tienda ,Loja,Boutique,Geschäft,Negozio ,ショップ,상점,商店,商店,Toko,ร้านค้า,Mağaza,Cửa hàng,Sklep,المتجر ,
menu-codes,,,Codes,Коды,Códigos,Códigos,Codes,Codes,Codici,コード,코드,代码,代碼,Kode,โค้ด,Kodlar,Mã,Kody,الرموز,
menu-settings,,,Settings,Настройки,Configuración,Configurações,Paramètres,Optionen,Impostazioni,設定,설정,设置,設定,Pengaturan,ตั้งค่า,Ayarlar,Cài đặt,Ustawienia,الإعدادات,
menu-pets,,,Squishies,Мягкие игрушки,Squishies,Squishies,Squishies,Squishies,Squishies,スクイシー,스 퀴시,软萌玩具,軟糖,Squishies,Squishies,Yumuşacıklar,Thú bông mềm,Pluszaki,الإسفنج,
menu-upgrades,,,Upgrades,Улучшения,Mejoras ,Melhorias ,Améliorations,Verbesserungen,Miglioramenti,アップグレード,강화,升级,升級,Peningkatan ,อัพเกรด,Yükseltmeler,Nâng cấp,Ulepszenia,الترقيات ,
menu-cakes,,,Cakes,Торты,Tartas,Bolos,Gâteaux,Kuchen,Torte,ケーキ,케이크,蛋糕,蛋糕,Kue,เค้ก,Kekler,Bánh,Torty,الكعك,
menu-invite,,,Invite,Пригласить,Invitar,Convidar,Inviter,Einladen,Invitare,招待する,초대,邀请,邀請,Undang,เชิญชวน,Davet Et,Mời,Zapraszam,دعوة,
menu-group,,,Reward,Награда,Recompensa,Recompensa,Récompense,Belohnung,Ricompensa,褒賞,보상,奖励,獎勵,Hadiah,รางวัล,Ödül,Phần thưởng,Nagroda,المكافأة,
title-settings,,,Settings,Настройки,Configuración,Configurações,Paramètres,Optionen,Impostazioni,設定,설정,设置,設定,Pengaturan,ตั้งค่า,Ayarlar,Cài đặt,Ustawienia,الإعدادات,
title-daily-rewards,,,Daily Rewards,Ежедневные награды,Recompensas diarias,Recompensas Diárias,Récompenses quotidiennes,Tägliche Belohnungen,Ricompense giornaliere,デイリー報酬,일일 보상,每日奖励,每日獎勵,Hadiah Harian,รางวัลประจำวัน,Günlük Ödüller,Phần thưởng hàng ngày,Codzienne Nagrody,المكافآت اليومية,
title-shop,,,Shop,Магазин,Tienda ,Loja,Boutique,Geschäft,Negozio ,ショップ,상점,商店,商店,Toko,ร้านค้า,Mağaza,Cửa hàng,Sklep,المتجر ,
title-codes,,,Codes,Коды,Códigos,Códigos,Codes,Codes,Codici,コード,코드,代码,代碼,Kode,โค้ด,Kodlar,Mã,Kody,الرموز,
title-pets,,,Squishies,Мягкие игрушки,Squishies,Squishies,Squishies,Squishies,Squishies,スクイシー,스 퀴시,软萌玩具,軟糖,Squishies,Squishies,Yumuşacıklar,Thú bông mềm,Pluszaki,الإسفنج,
title-upgrades,,,Upgrades,Улучшения,Mejoras ,Melhorias ,Améliorations,Verbesserungen,Miglioramenti,アップグレード,강화,升级,升級,Peningkatan ,อัพเกรด,Yükseltmeler,Nâng cấp,Ulepszenia,الترقيات ,
title-cakes,,,Choose a Cake,Выберите торт,Elige un pastel,Escolha um Bolo,Choisissez un gâteau,Wählen Sie einen Kuchen,Scegli una torta,ケーキを選ぶ,케이크 선택,选择一个蛋糕,選擇一個蛋糕,Pilih Kue,เลือกเค้ก,Bir Kek Seçin,Chọn bánh,Wybierz tort,اختر كعكة,
cake-name-classic,,,Classic Cake,Классический торт,Tarta Clásica ,Bolo Clássico,Gâteau classique,Klassischer Kuchen,Torta Classica,クラシックケーキ,클래식 케이크,经典蛋糕,經典蛋糕,Kue Klasik,เค้กคลาสสิค,Klasik Kek,Bánh Cổ Điển,Klasyczne ciasto,الكعكة الكلاسيكية,
cake-name-rainbow,,,Rainbow Cake,Радужный торт,Torta arcoíris,Bolo Arco-Íris,Gâteau arc-en-ciel,Regenbogen-Kuchen,Torta Arcobaleno,レインボーケーキ,레인보우 케이크,彩虹蛋糕,彩虹蛋糕,Kue Pelangi,เค้กสายรุ้ง,Gökkuşağı Keki,Bánh cầu vồng,Tęczowy tort,كعكة قوس قزح ,
cake-unlock-hint,,,Finish a cake to unlock!,"Завершите торт, чтобы разблокировать!",Termina un pastel para desbloquearlo.,Termine um bolo para desbloquear!,Terminez un gâteau pour le débloquer !,Beende einen Kuchen zum Freischalten!,Finisci una torta per sbloccare!,ケーキを完成させるとアンロックされます！,케이크를 완성하여 잠금 해제하세요!,完成一个蛋糕以解锁！,完成一個蛋糕以解鎖！,Selesaikan kue untuk membuka kunci!,เสร็จสิ้นเค้กเพื่อปลดล็อค!,Kilidi açmak için bir pasta bitirin!,Hoàn thành một chiếc bánh để mở khóa!,"Zakończ tort, aby go odblokować!",أكمل الكعكة لفتحها!,
cake-name-soon,,,???,???,???,???,???,???,???,???,???,？？？,？？？,???,???,???,???,???,؟؟؟,
cake-status-soon,,,Coming Soon!,Скоро будет!,¡Próximamente!,Em Breve!,Bientôt disponible !,Kommt bald!,Prossimamente!,近日公開！,곧 출시됩니다!,即将推出！,即將推出！,Segera Hadir!,เร็วๆนี้!,Yakında Geliyor!,Sắp có!,Wkrótce!,قريباً!,
match-title,,,Choose a Match,Выберите матч,Elegir una Partida ,Escolha uma Partida,Choisir un match,Wähle ein Match aus,Scegli una Partita ,マッチを選択する,매치 선택,选择比赛,選擇比賽,Pilih Pertandingan,เลือกแมตช์,Bir Maç Seçin,Chọn một trận đấu,Wybierz mecz,اختر مباراة,
match-difficulty-heading,,,Difficulty,Сложность,Dificultad,Dificuldade,Difficulté,Schwierigkeit,Difficoltà,難易度,난이도,难度,難度,Kesulitan,ความยาก\n,Zorluk,Độ khó,Trudność,الصعوبة,
match-players-heading,,,Party Size,Размер группы,Tamaño del grupo,Tamanho do Grupo,Taille du groupe,Gruppengröße ,Dimensione del gruppo,パーティーサイズ,파티 크기,派对规模 ,派對規模,Ukuran Pesta,ขนาดปาร์ตี้,Parti Boyutu,Kích thước nhóm,Rozmiar grupy,حجم المجموعة ,
match-cake-heading,,,Cake,Торт,Tarta,Bolo,Gâteau,Kuchen,Torta,ケーキ,케이크,蛋糕,蛋糕,Kue,เค้ก,Kek,Bánh,Tort,كيك,
match-difficulty-easy,,,Easy,Легко,Fácil,Fácil,Facile,Einfach,Facile,簡単,쉬운,简单,簡單,Mudah,ง่าย,Kolay,Dễ,Łatwy,سهل,
match-difficulty-medium,,,Medium,Средний,Medio,Médio,Moyen,Mittel,Medio,ミディアム,중간,中等,中等,Medium,ปานกลาง,Orta,Trung bình,Średni,متوسط,
match-difficulty-hard,,,Hard,Сложно,Difícil,Difícil,Difficile,Schwer,Difficile,ハード,어려움,困难,難的,Sulit,ยาก,Zor,Khó,Trudny,صعب,
match-difficulty-easy-detail,,,Relaxed pace,Располагающий темп,Ritmo relajado,Ritmo relaxado,Tempo détendu,Entspanntes Tempo,Pace rilassata ,ゆったりとしたペース,느긋한 속도,轻松的节奏 ,輕鬆的步調,Kecepatan yang santai,อัตราที่ผ่อนคลาย,Rahat tempo,Tốc độ thư giãn,Spokojne tempo,الوتيرة المريحة,
match-difficulty-medium-detail,,,"More layers, better rewards","Больше слоёв, больше наград","Más capas, mejores recompensas.","Mais camadas, melhores recompensas","Plus de couches, de meilleures récompenses","Mehr Schichten, bessere Belohnungen","Più livelli, ricompense migliori",より多くのレイヤー、より良い報酬,"더 많은 층, 더 좋은 보상",更多层，更好的奖励,更多層數，更好的獎勵,"Lebih banyak lapisan, hadiah yang lebih baik ",มีชั้นมากขึ้น รางวัลที่ดีขึ้น,"Daha fazla katman, daha iyi ödüller","Nhiều lớp, phần thưởng tốt hơn","Więcej warstw, lepsze nagrody",المزيد من الطبقات، مكافآت أفضل,
match-difficulty-hard-detail,,,"Most layers, best rewards","Больше слоёв, лучшие награды","Más capas, mejores recompensas","Mais camadas, melhores recompensas","Plus de couches, meilleures récompenses","Meiste Schichten, beste Belohnungen ","Più livelli, migliori ricompense",最多レイヤー、最高報酬,"최다 레이어, 최고의 보상",最多的层数，最好的奖励 ,最多的層數，最好的獎勵,"Paling banyak lapisan, hadiah terbaik ",ชั้นมากที่สุด รางวัลที่ดีที่สุด,"En çok katman, en iyi ödüller","Nhiều lớp nhất, phần thưởng tốt nhất","Więcej warstw, lepsze nagrody",أكثر الطبقات، أفضل المكافآت ,
match-reward-multiplier,,,{n}x,{n}x,{n}x,{n}x,{n}x,{n}x,{n}x,{n}倍,{n}배,{n} 倍,{n} 倍,{n}x,{n}x ,{n}x,{n}x,{n}x,{n}×,
match-player-one,,,1 Player,1 игрок,1 Jugador,1 Jogador,1 joueur,1 Spieler,1 giocatore,1人のプレイヤー,1명의 플레이어,1名玩家,1名玩家,1 Pemain,ผู้เล่น 1 คน,1 Oyuncu,1 người chơi,1 gracz,لاعب واحد,
match-player-many,,,{n} Players,{n} игроков,{n} Jugadores ,{n} Jogadores,{n} Joueurs,{n} Spieler ,{n} Giocatori ,{n} プレイヤー,{n} 플레이어,{n} 玩家,{n} 玩家,{n} Pemain,{n} ผู้เล่น,{n} Oyuncular,{n} Người chơi,{n} Graczy,{n} اللاعبين,
match-start,,,START,НАЧАТЬ,COMENZAR,COMEÇAR,COMMENCER,STARTEN,INIZIA,スタート,시작,开始,開始,MULAI,เริ่ม,BAŞLA,BẮT ĐẦU,START,البداية,
match-starting,,,STARTING...,НАЧИНАЕМ...,EMPEZANDO...,COMEÇANDO...,DÉMARRAGE...,STARTET...,INIZIANDO...,スタートしています...,시작하는 중...,正在开始...,即將開始...,MULAI...,กำลังเริ่ม...,BAŞLIYOR...,BẮT ĐẦU...,START...,يتم البدء...,
match-status-choose,,,Choose difficulty and party size,Выберите сложность и размер группы.,Elige la dificultad y el tamaño del grupo ,Escolha dificuldade e tamanho de grupo,Choisis la difficulté et la taille du groupe,Wähle Schwierigkeit und Gruppengröße ,Scegli la difficoltà e le dimensioni del gruppo,難易度とパーティーのサイズを選択してください,난이도와 파티 크기 선택,选择难度和队伍规模 ,選擇難度和隊伍規模,Pilih kesulitan dan ukuran pesta,เลือกความยากและขนาดปาร์ตี้,Zorluk ve parti boyutunu seçin.,Chọn độ khó và kích thước nhóm,Wybierz trudność i rozmiar grupy,اختر الصعوبة وحجم الفريق,
match-status-partial,,,Choose one more option,Выберите еще один вариант,Elige una opción más,Escolha mais uma opção,Choisissez une autre option,Wählen Sie eine weitere Option,Scegli un'altra opzione,もう1つオプションを選択してください,한 가지 옵션을 더 선택하세요.,再选择一个选项,再選擇一個選項,Pilih satu opsi lagi,เลือกอีกหนึ่งตัวเลือก,Bir seçenek daha seçin,Chọn thêm một lựa chọn nữa,Wybierz jeszcze jedną opcję,اختر خيارًا آخر,
match-status-ready,,,{current}/{max} players here - ready to launch!,,,,,,,,,,,,,,,,,
match-status-starting,,,Starting the match...,Начинаем матч...,Comenzando la partida...,Começando a partida...,Démarrage du match...,Spiel wird begonnen ...,Inizio della partita...,試合開始...,매치를 시작합니다...,比赛即将开始...,比賽即將開始...,Memulai pertandingan...,กำลังจะเริ่มการแข่งขัน...,Maç başlıyor...,Bắt đầu trận đấu...,Rozpoczynanie meczu...,بدء المباراة...,
match-error-start,,,Couldn't start the match. Try again.,Не удалось начать матч. Попробуйте еще раз.,No se pudo iniciar la partida. Inténtalo de nuevo.,Não foi possível iniciar a partida. Tente novamente.,Impossible de démarrer le match. Réessayez.,Das Spiel konnte nicht gestartet werden. Versuche es erneut.,Non è stato possibile iniziare la partita. Riprova.,マッチを開始できませんでした。もう一度お試しください。,매치를 시작할 수 없습니다. 다시 시도하세요.,无法开始比赛。请重试。,無法開始比賽。請再試一次。,Tidak dapat memulai pertandingan. Coba lagi.,ไม่สามารถเริ่มการแข่งขันได้ ลองอีกครั้ง,Maç başlatılamadı. Tekrar deneyin.,Không thể bắt đầu trận đấu. Hãy thử lại.,Nie udało się rozpocząć meczu. Spróbuj ponownie.,تعذر بدء المباراة. جرب مرة أخرى.,
match-error-session-lost,,,That match session ended. Step in again.,Эта сессия матчей завершилась. Войдите снова.,Esa sesión de partido terminó. Vuelve a entrar.,Essa sessão de partidas terminou. Entre novamente.,Cette session de match est terminée. Rejoignez-nous à nouveau.,Diese Spielsitzung ist beendet. Tritt erneut ein. ,Quella sessione di partite è finita. Entra di nuovo.,そのマッチセッションは終了しました。もう一度ステップしてください。,해당 매치 세션이 종료되었습니다. 다시 참가하세요.,那场比赛已经结束了。请再次参与。 ,該比賽場次已結束。請再次進入。,Sesi pertandingan itu berakhir. Masuk lagi.,เซสชันการแข่งขันนั้นจบลงแล้ว กลับเข้าไปอีกครั้ง,Bu maç oturumu sona erdi. Tekrar girin.,Phiên trận đấu đó đã kết thúc. Hãy tham gia lại.,Ta sesja meczów się skończyła. Wejdź ponownie.,لقد انتهت جلسة المباراة. ادخل مرة أخرى.,
match-error-invalid-choice,,,Choose a valid difficulty and party size.,Выберите действительную сложность и размер группы.,Elige una dificultad y tamaño de grupo válidos.,Escolha uma dificuldade válida e tamanho de grupo.,Choisissez une difficulté valide et la taille du groupe.,Wähle eine gültige Schwierigkeit und Gruppengröße.,Scegli una difficoltà valida e le dimensioni del gruppo.,有効な難易度とパーティーサイズを選択してください。,유효한 난이도와 파티 크기를 선택하세요.,选择一个有效的难度和队伍规模。,選擇一個有效的難度和隊伍規模。,Pilih kesulitan dan ukuran pesta yang valid.,เลือกความยากและขนาดปาร์ตี้ที่ถูกต้อง,Geçerli bir zorluk ve parti boyutu seçin.,Chọn một độ khó và kích thước nhóm hợp lệ.,Wybierz poprawną trudność i rozmiar grupy.,اختر صعوبة صالحة وحجم المجموعة.,
belly-label,,,BELLY {fill}/{cap},,,,,,,,,,,,,,,,,
belly-glutton,,,FULL! GLUTTON x2,ПОЛНЫЙ! Обжор x2,¡LLENO! Glutón x2,CHEIO! GLUTTON x2,PLEIN ! GLUTTON x2 ,VOLL! GLUTTON x2,PIENO! GLUTTON x2,満タン！グルトンx2 ,가득! 과식자 x2 ,已满！贪吃鬼 x2,滿了！暴食者 x2,PENUH! GLUTTON x2 ,เต็ม! GLUTTON x2,DOLU! Glutton x2 ,Đầy! GLUTTON x2,Pełny! GLUTTON x2,ممتلئ! الشراهة x2,
cake-progress,,,CAKE {pct}%,Торт {pct}%,TARTA {pct}%,BOLO {pct}%,GÂTEAU {pct}%,Kuchen {pct}%,TORTA {pct}%,ケーキ {pct}%,케이크 {pct}%,蛋糕 {pct}%,蛋糕 {pct}%,KUE {pct}%,เค้ก {pct}%,Kek {pct}%,Bánh {pct}%,Tort {pct}%,الكيك {pct}%,
cake-finds,,,FINDS {found}/{total},,,,,,,,,,,,,,,,,
cake-boss,,,CAKE MONSTER! {timer}s,,,,,,,,,,,,,,,,,
cake-miniboss,,,CRUMB MONSTER! EAT IT!,,,,,,,,,,,,,,,,,
cake-reward,,,SQUISHY TIME!,Время мягкости!,¡HORA DE APLASTAR!,HORA DO SQUISHY!,Temps moelleux !,SQUISHY-ZEIT!,TEMPO SQUISHY!,スクイシータイム！,스 퀴시 타임!,软萌时刻！,軟軟時間！,Waktu Squishy!,เวลา SQUISHY!,Yumuşacık Zaman!,Thời gian mềm mại!,Czas Squishy!,وقت اللينة! ,
cake-spawning,,,NEW CAKE IN {timer}s,Новый торт через {timer} секунд,NUEVO PASTEL EN {timer}s ,NOVO BOLO EM {timer}s ,NOUVEAU GÂTEAU EN {timer} s,NEUER KUCHEN IN {timer} s,NUOVA TORTA IN {timer} s,新しいケーキまで{timer}秒,{timer}초 후 새로운 케이크가 나와요,新蛋糕将在{timer}秒后出现 ,新蛋糕將在{timer}秒後出現 ,Kue Baru Dalam {timer} Detik ,เค้กใหม่ใน {timer} วินาที,{timer} saniye içinde yeni bir pasta,Bánh mới trong {timer} giây,Nowe ciasto za {timer} s,كعكة جديدة في {timer} ثواني,
announce-new-cake,,,A fresh cake rolled in!,Свежий торт появился!,¡Un pastel fresco enrollado!,Um bolo fresco enrolado!,Un gâteau frais est arrivé !,Ein frischer Kuchen wurde gerollt!,Una torta fresca arrotolata!,フレッシュなケーキが転がってきた！,신선한 케이크가 들어왔어요!,一块新鲜的蛋糕滚了进来！,一個新鮮的蛋糕滾進來了！,Sebuah kue segar digulung!,เค้กสดม้วนเข้ามา!,Taze bir pasta yuvarlandı!,Một chiếc bánh tươi mới được cuộn ra!,Świeże ciasto zostało wytworzone!,تم تدحرج كعكة طازجة!,
announce-rare-cake-golden,,,GOLDEN CAKE! x3 calories!,Золотой торт! x3 калорий!,Tarta dorada! x3 calorías!,BOLO DOURADO! x3 calorias!,Gâteau doré ! x3 calories !,Goldener Kuchen! x3 Kalorien!,Torta dorata! x3 calorie!,ゴールデンケーキ！ x3カロリー！,골든 케이크! x3 칼로리!,黄金蛋糕！x3卡路里！ ,黃金蛋糕！每個有3倍卡路里！,Kue Emas! x3 kalori!,เค้กทองคำ! x3 แคลอรี่!,Altın Kek! x3 kalori!,Bánh vàng! x3 calo!,Złote ciasto! x3 kalorie!,الكعكة الذهبية! x3 السعرات الحرارية!,
announce-rare-cake-rainbow,,,RAINBOW CAKE! Epic squishy guaranteed!,Радужный торт! Гарантированно эпическая мягкость!,¡Tarta de arcoíris! ¡Epic squishy garantizado!,Bolo de arco-íris! Slime épico garantido!,Gâteau arc-en-ciel ! Moelleux épique garanti !,Regenbogen-Kuchen! Epischer Squish garantiert!,Torta arcobaleno! Epic squishy garantito!,レインボーケーキ！エピックなスクイシーが確定！,레인보우 케이크! 에픽 스 퀴시 보장!,彩虹蛋糕！保证超级松软！,彩虹蛋糕！保證有超棒的軟萌質感！,Kue Pelangi! Kelembutan epik dijamin!,เค้กสายรุ้ง! รับประกันว่าจะเป็นอะไรที่นุ่มแน่นอน! ,Gökkuşağı Keki! Epik yumuşacık garantili!,Bánh cầu vồng! Chắc chắn sẽ siêu mềm mại! ,Tęczowe ciasto! Gwarantowane epickie squishy!,كعكة قوس قزح! ضمان الملمعة الرائعة! ,
announce-boss-spawned,,,The Cake Monster wakes up!,,,,,,,,,,,,,,,,,
announce-cake-cleared,,,Cake cleared! Everyone gets a squishy!,Торт очищен! Все получают мягкий десерт!,¡El pastel está limpio! ¡Todos reciben un bocadillo esponjoso!,Bolo limpo! Todo mundo ganha um squishy!,Le gâteau est terminé ! Tout le monde obtient un squishy !,Kuchen abgeräumt! Jeder bekommt einen Squishy!,Torta spazzata via! Tutti ricevono un soffice spuntino!,ケーキをクリアしたよ！みんなスクイシーをゲットできるよ！,케이크가 사라졌어요! 모두가 스 퀴시를 얻어요!,蛋糕已清理！每个人都得到了一块软软的蛋糕！ ,蛋糕已經吃完了！每個人都會得到一個軟軟的東西！,Kue sudah habis! Semua orang mendapatkan yang lembut!,เค้กเคลียร์แล้ว! ทุกคนจะได้รับสควิชี่!,Kek temizlendi! Herkes yumuşak bir şey alır!,Bánh đã được dọn sạch! Mọi người đều nhận được một chiếc bánh mềm mại!,Tort wyczyszczony! Wszyscy dostają gąbkę!,تم إنهاء الكعك! يحصل الجميع على كعكة رقيقة!,
announce-layer-locked,,,Eat the top layer first!,Сначала съешьте верхний слой!,¡Primero come la capa superior!,Coma a camada superior primeiro!,Mangez d'abord la couche supérieure !,Iss zuerst die oberste Schicht!,Mangia il livello superiore per primo!,最上層を先に食べてください！,맨 위층을 먼저 먹으세요!,先吃掉最上面的一层！,先吃頂層吧！,Makan lapisan atas terlebih dahulu!,กินชั้นบนสุดก่อน!,Önce üst katmanı yiyin!,Hãy ăn lớp trên cùng trước nhé!,Najpierw zjedz najwyższą warstwę!,تناول الطبقة العليا أولاً!,
announce-layer-cleared,,,LAYER CLEARED!,Слой очищен!,¡CAPA DESPEJADA!,CAMADA LIMPA!,COUCHE ÉFFACÉE !,Schicht geklärt!,STRATO ELIMINATO!,レイヤーをクリアしました！,레이어 클리어!,层已清除！,層已清除！,LAYER DIHAPUS!,เคลียร์ชั้นแล้ว!,Katman temizlendi!,Lớp đã được dọn sạch!,Warstwa oczyszczona!,تم تطهير الطبقة!,
announce-miniboss-spawned,,,SOMETHING BURST OUT OF THE CAKE!,Что-то вырвалось из торта!,¡ALGO SALIÓ DEL PASTEL!,ALGO EXPLODIU DO BOLO!,QUELQUE CHOSE A ÉCLAT DU GÂTEAU !,Etwas ist aus dem Kuchen hervorgekommen!,QUALCOSA È USCITO DALLA TORTA!,ケーキから何かが飛び出してきた！,케이크에서 무언가가 터져 나왔어요!,有东西从蛋糕里爆出来了！ ,有東西從蛋糕裡衝出來了！,Sesuatu meledak dari kue!,มีบางอย่างระเบิดออกมาจากเค้ก!,Kekten bir şey fırladı!,Một cái gì đó nổ ra khỏi chiếc bánh!,Coś wyskoczyło z ciasta!,لقد انفجر شيء من الكعكة!,
announce-miniboss-defeated,,,CRUMB MONSTER DOWN! DIG DEEPER!,,,,,,,,,,,,,,,,,
announce-layer-cheer-1,,,LAYER DEMOLISHED!,,,,,,,,,,,,,,,,,
announce-layer-cheer-2,,,NOM NOM NOM!,,,,,,,,,,,,,,,,,
announce-layer-cheer-3,,,ONE LAYER DOWN!,,,,,,,,,,,,,,,,,
announce-layer-cheer-4,,,NOTHING BUT CRUMBS!,,,,,,,,,,,,,,,,,
announce-layer-cheer-5,,,LICKED CLEAN!,,,,,,,,,,,,,,,,,
announce-layer-cheer-6,,,THAT WAS DELICIOUS!,,,,,,,,,,,,,,,,,
announce-layer-cheer-7,,,BIG BITE!,,,,,,,,,,,,,,,,,
announce-layer-cheer-8,,,SUGAR RUSH!,,,,,,,,,,,,,,,,,
announce-layer-cheer-9,,,GONE IN SECONDS!,,,,,,,,,,,,,,,,,
announce-layer-cheer-10,,,"MORE CAKE, PLEASE!",,,,,,,,,,,,,,,,,
announce-layer-cheer-11,,,CRUMBS EVERYWHERE!,,,,,,,,,,,,,,,,,
announce-layer-cheer-12,,,TASTY!,,,,,,,,,,,,,,,,,
announce-layer-cheer-13,,,KEEP DIGGING!,,,,,,,,,,,,,,,,,
announce-layer-cheer-14,,,WHAT A MOUTHFUL!,,,,,,,,,,,,,,,,,
announce-layer-cheer-15,,,SWEET!,,,,,,,,,,,,,,,,,
announce-layer-cheer-16,,,ATE THE WHOLE THING!,,,,,,,,,,,,,,,,,
announce-layer-cheer-17,,,YUMMY!,,,,,,,,,,,,,,,,,
announce-layer-cheer-18,,,LAYER WIPED OUT!,,,,,,,,,,,,,,,,,
announce-layer-cheer-19,,,SO GOOD!,,,,,,,,,,,,,,,,,
announce-layer-cheer-20,,,ANOTHER ONE EATEN!,,,,,,,,,,,,,,,,,
announce-crumb-cheer-1,,,CRUMB MONSTER DOWN! DIG DEEPER!,,,,,,,,,,,,,,,,,
announce-crumb-cheer-2,,,GATE SMASHED!,,,,,,,,,,,,,,,,,
announce-crumb-cheer-3,,,ATE IT WHOLE!,,,,,,,,,,,,,,,,,
announce-crumb-cheer-4,,,THE CAKE IS OPEN AGAIN!,,,,,,,,,,,,,,,,,
announce-crumb-cheer-5,,,OUT OF MY WAY!,,,,,,,,,,,,,,,,,
announce-crumb-cheer-6,,,CRUNCHED!,,,,,,,,,,,,,,,,,
announce-crumb-cheer-7,,,"NEXT LAYER, PLEASE!",,,,,,,,,,,,,,,,,
announce-crumb-cheer-8,,,THAT ONE WAS CHEWY!,,,,,,,,,,,,,,,,,
announce-crumb-cheer-9,,,GUARD? WHAT GUARD?,,,,,,,,,,,,,,,,,
announce-crumb-cheer-10,,,KEEP EATING DOWN!,,,,,,,,,,,,,,,,,
announce-monster-cheer-1,,,MONSTER MUNCHED!,,,,,,,,,,,,,,,,,
announce-monster-cheer-2,,,YOU ATE THE MONSTER!,,,,,,,,,,,,,,,,,
announce-monster-cheer-3,,,CAKE MONSTER DOWN!,,,,,,,,,,,,,,,,,
announce-monster-cheer-4,,,TASTES LIKE VICTORY!,,,,,,,,,,,,,,,,,
announce-monster-cheer-5,,,CHOMPED!,,,,,,,,,,,,,,,,,
announce-monster-cheer-6,,,MONSTER? MORE LIKE DESSERT!,,,,,,,,,,,,,,,,,
announce-monster-cheer-7,,,EATEN IN ONE SITTING!,,,,,,,,,,,,,,,,,
announce-monster-cheer-8,,,THE CAKE IS YOURS!,,,,,,,,,,,,,,,,,
announce-monster-cheer-9,,,MONSTER DEVOURED!,,,,,,,,,,,,,,,,,
announce-monster-cheer-10,,,NOT A CRUMB LEFT!,,,,,,,,,,,,,,,,,
zone-chocolate,,,CHOCOLATE,ШОКОЛАД,CHOCOLATE,CHOCOLATE,CHOCOLAT,SCHOKOLADE,CIOCCOLATO,チョコレート,초콜릿,巧克力,巧克力,COKELAT,ช็อคโกแลต,ÇİKOLATA,SÔ CÔ LA,CZEKOLADA,الشوكولاتة,
zone-jelly,,,JELLY,ЖЕЛЕ,JALEA,GELÉIA,GELÉE,WACKELPUDDING,GELATINA,ゼリー,젤리,凝胶,果凍,JELLY,เจลลี่,JÖLE,THẠCH,DŻELKA,الجيلي,
zone-butter,,,BUTTER,СЛИВКО,MANTEQUILLA,MANTEIGA,BEURRE,BUTTER,BURRO,バター,버터,奶油,奶油,MENTEGA,เนย,TENEKE,BƠ,MASŁO,الزبدة,
zone-cheese,,,CHEESE,СЫР,QUESO,QUEIJO,FROMAGE,KÄSE,FORMAGGIO,チーズ,치즈,奶酪,奶酪,KEJU,ชีส,PEYNIR,PHO MÁ,SER,الجبن,
zone-jam,,,JAM,ДЖАМ,MERMELADA,JAM,JAM,JAM,MARMELADE,ジャム,잼,果酱,果醬,JAM,แยม,REÇEL,MỨT,DŻEM,المربى,
zone-sponge,,,SPONGE,ГУБКА,ESPONJA,ESFREGONA,ÉPONGE,SCHWAMM,SPUGNA,スポンジ,스폰지,海绵,海綿,Spons,ฟองน้ำ,Sünger,BỌT biển,Gąbka,الإسفنج,
zone-cream,,,CREAM,КРЕМ,CREMA,CREME,CRÈME,CREME,CREMA,クリーム,크림,奶油,奶油,KRIM,ครีม,KREMA,KEM,KREMA,كريمة,
zone-candy,,,CANDY,КОНФЕТЫ,CARAMELOS,DOCES,BONBONS,SÜSSE,CARAMELLE,キャンディー,캔디,糖果,糖果,PERMEN,ลูกอม,ŞEKER,KẸO,CUKIERKI,الحلوى,
zone-caramel,,,CARAMEL,Карамель,CARAMELO,CARAMELO,CARAMEL,KARAMEL,CARAMELLO,キャラメル,캐러멜,焦糖,焦糖,KARAMEL,คาราเมล,Karamel,CARAMEL,KARAMEL,الكراميل,
zone-crumb,,,CRUMBS,Крошки,MIGAS,COVINHAS,Miettes,KRÜMEL,CROSTE,クランブス,크럼브,碎屑,碎屑,REMPAH,เศษ,KIRIKLAR,MẨN VỤN,Okruchy,الفتات,
zone-rainbow-red,,,RED,,,,,,,,,,,,,,,,,
zone-rainbow-orange,,,ORANGE,,,,,,,,,,,,,,,,,
zone-rainbow-yellow,,,YELLOW,,,,,,,,,,,,,,,,,
zone-rainbow-green,,,GREEN,,,,,,,,,,,,,,,,,
zone-rainbow-blue,,,BLUE,,,,,,,,,,,,,,,,,
zone-rainbow-indigo,,,INDIGO,,,,,,,,,,,,,,,,,
zone-rainbow-violet,,,VIOLET,,,,,,,,,,,,,,,,,
announce-find-new,,,NEW DISCOVERY!,Новое открытие!,NUEVO DESCUBRIMIENTO!,NOVA DESCOBERTA!,NOUVELLE DÉCOUVERTE !,NEUE ENTDECKUNG!,NUOVA SCOPERTA!,新しい発見！,새로운 발견!,新的发现！,新的發現！,Penemuan Baru!,การค้นพบใหม่!,YENI KEŞIF!,Khám phá mới!,NOWE ODKRYCIE!,اكتشاف جديد!,
announce-find-rare,,,RARE FIND!,Редкая находка!,¡ENCONTRADO RARO!,ACHADO RARO!,TROUVE RARE !,SELTENER FUND!,RARA SCOPERTA!,レアな発見！,희귀한 발견!,稀有发现！,稀有發現！,Temuan Langka!,การค้นพบที่หายาก!,NADİR BULUŞ!,Phát hiện hiếm có!,Rzadkie znalezisko!,اكتشاف نادر!,
announce-find-epic,,,EPIC FIND!,Эпическая находка!,¡DESCUBRIMIENTO ÉPICO!,DESCOBRIMENTO ÉPICO!,TROUVE ÉPIQUE!,EPISCHER FUND!,TROVA EPICA!,エピックな発見！,에픽 발견!,史诗级发现！,史詩級的發現！,Penemuan Epik!,การค้นพบอันยิ่งใหญ่!,Epik Keşif!,Phát hiện tuyệt vời!,Epickie znalezisko!,اكتشاف مذهل!,
announce-find-legendary,,,LEGENDARY FIND!,Легендарная находка!,¡DESCUBRIMIENTO LEGENDARIO!,ACHADO LENDÁRIO!,Découverte légendaire !,LEGENDÄRER FUND!,TROVATO LEGGENDARIO!,レジェンダリーの発見！,전설적인 발견!,传奇级发现！,傳奇發現！,Penemuan Legendaris!,การค้นพบในตำนาน!,Efsanevi Keşif!,Phát hiện huyền thoại!,Legendarne znalezisko!,الاكتشاف الأسطوري!,
announce-match-lost,,,Match lost! Returning to the lobby...,Матч проигран! Возвращаемся в лобби...,Partida perdida. Volviendo al lobby...,Partida perdida! Voltando ao lobby...,Match perdu ! Retour dans le lobby...,Match verloren! Zurück zur Lobby...,Partita persa! Ritorno alla lobby...,試合に負けました！ロビーに戻ります...,매치 패배! 로비로 돌아갑니다...,比赛失败！正在返回大厅... ,比賽失敗了！返回大廳中...,Pertandingan kalah! Kembali ke lobi...,การแข่งขันแพ้! กำลังกลับไปที่ล็อบบี้...,Maç kaybedildi! Lobiye geri dönülüyor...,Trận đấu thất bại! Quay trở lại sảnh chờ...,Mecz przegrany! Wracamy do lobby...,تم خسارة المباراة. سيتم العودة إلى اللوبي...,
upgrade-capacity,,,Stomach Capacity,Объем желудка,Capacidad del estómago,Capacidade do Estômago,Capacité de l'estomac,Magenkapazität,Capacità dello stomaco,胃の容量,배의 용량,胃容量,胃容量,Kapasitas Perut,ความจุท้อง,Mide Kapasitesi,Dung tích dạ dày,Pojemność żołądka,سعة المعدة,
upgrade-bite-radius,,,Bite Radius,Радиус укуса ,Radio de mordida ,Raio de Mordida,Rayon de morsure,Bissradius ,Raggio di Morso ,噛む範囲,바이트 반경,咬合半径 ,咬擊範圍,Radius Gigitan ,รัศมีกัด ,Isırma Yarıçapı ,Bán kính cắn,Promień ugryzienia,دائرة العض ,
upgrade-bite-depth,,,Bite Depth,Глубина укуса,Profundidad de mordida,Profundidade da Mordida,Profondeur de morsure,Biss-Tiefe,Profondità del morso ,噛みつきの深さ,깨물기 깊이,咬合深度,咬傷深度,Kedalaman Gigitan ,ความลึกการกัด,Isırma Derinliği,Độ sâu cắn,Głębokość ugryzienia,عمق العضة,
upgrade-eat-speed,,,Eat Speed,Скорость еды,Velocidad de Comida,Velocidade de Comer,Vitesse de manger,Essgeschwindigkeit,Velocità di Mangiamento,食事速度,먹는 속도,进食速度,進食速度,Kecepatan Makan,ความเร็วการกิน,Yeme Hızı,Tốc độ ăn,Prędkość jedzenia,سرعة الأكل ,
upgrade-gym-eff,,,Gym Efficiency,Эффективность спортзала,Eficiencia del gimnasio,Eficiência do Ginásio,Efficacité du gymnase,Gym-Effizienz,Efficienza della palestra,ジムの効率,헬스장 효율,健身房效率 ,健身房效率,Efisiensi Gym ,ประสิทธิภาพของยิม,Spor Salonu Verimliliği,Hiệu quả phòng tập,Efektywność siłowni,كفاءة الصالة الرياضية ,
upgrade-burn-speed,,,Burn Speed,Скорость горения,Velocidad de combustión,Velocidade de Queimamento,Vitesse de combustion,Brenngeschwindigkeit,Velocità di combustione,燃焼速度,연소 속도,燃烧速度,燃燒速度,Kecepatan Bakar,ความเร็วในการเผาไหม้,Yanma Hızı,Tốc độ đốt,Prędkość palenia,سرعة الحرق,
upgrade-burn-per-tap,,,Burn Per Tap,Сжигание за клик,Quemar por toque ,Queimar Por Toque,Brûler par tap,Brennen pro Tap,Brucia Per Tap,タップごとに燃やす,탭당 화상,每次点击燃烧一次 ,每點擊一次燃燒一次,Bakar Per Tap,เผาต่อแตะ,Tık Başına Yanma,Lượng calo bị đốt cho mỗi lần nhấn,Spalanie za dotknięcie,الحرق لكل ضغطة ,
upgrade-instant-burn,,,Instant Burn,Мгновенное горение,Quemadura instantánea,Queimadura Instantânea,Brûlure instantanée,Sofortbrennen,Bruciatura istantanea,インスタントバーン,인스턴트 버른,瞬间燃烧,瞬間燃燒,Pembakaran Instan,เผาไหม้ทันที,Anında Yanma,Đốt nhanh,Natychmiastowe spalenie,الحرق الفوري,
upgrade-run-speed,,,Run Speed,Скорость бега,Velocidad de carrera,Velocidade de Corrida,Vitesse de course,Laufgeschwindigkeit,Velocità di corsa,走る速さ,달리기 속도,跑步速度,跑步速度,Kecepatan Lari,วิ่งเร็ว,Koşma Hızı,Tốc độ chạy,Prędkość biegu,سرعة الجري,
label-level-n,,,Lv {n}/{cap},,,,,,,,,,,,,,,,,
btn-max,,,MAX,МАКС,MÁX.,MÁX,MAX,MAX,MAX,マックス,최대,最大值,最大值,MAKSIMAL,สูงสุด,MAKSİMUM,TỐI ĐA,MAKS.,الحد الأقصى,
price-calories,,,{n} cal,{n} калорий,{n} cal,{n} cal,{n} cal,{n} Kalorien,{n} calorie,{n} カロリー,{n} 칼로리,{n} 卡路里,{n} 卡路里,{n} kalori,{n} cal,{n} kalori,{n} cal,{n} cali,{n} السعرات الحرارية,
cat-eating,,,Eating,Еда,Comiendo,Comendo,Manger,Essen,Mangiare,食べる,먹기,正在吃东西,吃東西,Makan,การกิน,Yemek,Ăn,Jedzenie,الأكل ,
cat-body,,,Body,Тело,Cuerpo,Corpo,Corps,Körper,Corpo,体,몸,身体,身體,Tubuh,ตัว,Vücut,Cơ thể,Ciało,الجسم,
cat-gym,,,Gym,Спортзал,Gimnasio ,Academia,Salle de gym,Fitnessstudio ,Palestra ,ジム,헬스장,健身房 ,健身房,Gimnasium,ยิม,Spor Salonu,Phòng tập gym ,Siłownia,الصالة الرياضية,
hex-name-capacity,,,Belly,Желудок,Vientre,Barriga,Ventre,Bauch,Pancia ,お腹,배,肚子,肚子,Perut,ท้อง,Göbek,Bụng,Brzuszek,البطن,
hex-name-biteRadius,,,Bite,Укус,Morder ,Morder,Mordre,Beißen,Morso ,かむ,깨물기,咬一口,咬一口,Gigit,กัด,Isırmak,Cắn,Ugryź,العض,
hex-name-biteDepth,,,Depth,Глубина,Profundidad ,Profundidade,Profondeur,Tiefe,Profondità,深さ,깊이,深度,深度,Kedalaman,ความลึก,Derinlik,Độ sâu,Głębia,العمق,
hex-name-eatSpeed,,,Eat,Есть,Comer,Comer,Manger,Essen,Mangia,食べる,먹기,吃,吃,Makan,กิน,Ye,Ăn,Jedz,أكل ,
hex-name-gymEff,,,Gym,Спортзал,Gimnasio ,Academia,Salle de gym,Fitnessstudio ,Palestra ,ジム,헬스장,健身房 ,健身房,Gimnasium,ยิม,Spor Salonu,Phòng tập gym ,Siłownia,الصالة الرياضية,
hex-name-burnSpeed,,,Speed,Скорость,Velocidad ,Velocidade,Vitesse,Geschwindigkeit,Velocità,速度,스피드,速度,速度,Kecepatan,ความเร็ว,Hız,Tốc độ,Prędkość,السرعة,
hex-name-burnPerTap,,,Tap,Нажмите,Tocar,Toque,Tapez,Tippen,Tocca ,タップ,탭,点击,點擊,Ketuk,แตะ,Dokun,Nhấn,Stuknij,اضغط,
hex-name-instantBurn,,,Instant,Мгновенный,Instantáneo,Instantâneo,Instantané,Sofort,Istantaneo,インスタント,인스턴트,瞬间,瞬間,Instan,ทันที,Anında,Tức thì,Natychmiastowy,فوري,
hex-name-runSpeed,,,Run,Бежать,Correr,Correr,Courir,Laufen,Corri,走る,달리기,跑步,跑步,Lari,วิ่ง,Koş,Chạy,Bieg,الركض ,
upgrade-capacity-desc,,,Bigger belly — hold more cake before the gym.,Большой живот - держите больше торта перед спортзалом.,Vientre más grande - sostén más pastel antes del gimnasio.,Barriga maior - segure mais bolo antes do ginásio.,Plus gros ventre - tenez plus de gâteau avant la salle de gym.,Größerer Bauch - halte mehr Kuchen vor dem Fitnessstudio.,Pancia più grande - tieni più torta prima della palestra.,大きな腹 - ジムの前により多くのケーキを持っています。,더 큰 배 - 헬스장에 가기 전에 더 많은 케이크를 들 수 있습니다.,更大的肚子 - 在健身房之前可以容纳更多的蛋糕。,更大的肚子 - 在健身房前可以裝更多的蛋糕。,Perut yang lebih besar - pegang lebih banyak kue sebelum gym.,ท้องใหญ่ขึ้น - ถือเค้กมากขึ้นก่อนยิม.,Daha büyük karın - spor salonuna gitmeden önce daha fazla pasta tutun.,Bụng lớn hơn - giữ nhiều bánh hơn trước phòng tập thể dục.,Większy brzuch - trzymaj więcej ciasta przed siłownią.,البطنة الأكبر - احمل المزيد من الكعك قبل الصالة الرياضية.,
upgrade-bite-radius-desc,,,Wider bites — clear more cake per chomp.,Более широкие укусы - съедайте больше торта за укус.,Mordidas más anchas: limpia más pastel por mordida.,Mordidas mais amplas - limpe mais bolo por mordida.,Des morsures plus larges - dégustez plus de gâteau à chaque bouchée.,Breitere Bisse - klare mehr Kuchen pro Bissen.,Morso più ampio: mangia più torta per morso.,大きな一口 - かじるたびにもっと多くのケーキを食べることができます。,넓은 깨물기 - 한 입당 더 많은 케이크를 먹을 수 있습니다.,更大的咬口 - 每次咬一口可以吃掉更多的蛋糕。 ,更寬的咬痕 - 每次咬一口可以吃掉更多蛋糕。,Gigitan yang lebih lebar - hapus lebih banyak kue per gigitan.,กัดให้กว้างขึ้น - เคลียร์เค้กมากขึ้นในแต่ละครั้งที่กัด,Daha geniş ısırışlar - her ısırışta daha fazla pasta temizleyin.,Cắn rộng hơn - có thể ăn nhiều bánh hơn mỗi lần cắn.,Szerzejsze ugryzienia - wyczyść więcej ciasta za każde ugryzienie.,العضات الأوسع - قم بتناول المزيد من الكعكة في كل عضة.,
upgrade-bite-depth-desc,,,Deeper bites — dig further into the cake.,Более глубокие укусы - копайте глубже в торт.,Mordeduras más profundas: profundiza en el pastel.,Mordidas mais profundas - cave mais fundo no bolo.,Morsures plus profondes - creusez plus profondément dans le gâteau.,Tiefere Bisse - grabe tiefer in den Kuchen.,Morso più profondo: scava più a fondo nella torta. ,深い噛みつき - ケーキをさらに深く掘り下げます。,더 깊은 깨물기 - 케이크를 더 깊이 파세요.,更深的咬痕 - 进一步挖掘蛋糕。,更深的咬痕 - 更深入地挖掘蛋糕。,Gigitan yang lebih dalam - gali lebih jauh ke dalam kue.,กัดลึกขึ้น - ขุดลงไปในเค้กต่อไป,Daha derin ısırıklar - pastaya daha derine kazın.,Những cú cắn sâu hơn - đào sâu hơn vào chiếc bánh.,Głębsze ugryzienia - kop dalej w ciasto.,اللدغات الأعمق - حفر أعمق في الكعكة.,
upgrade-eat-speed-desc,,,Faster chewing — more bites per second.,Более быстрое жевание - больше укусов в секунду.,Masticación más rápida: más mordeduras por segundo.,Mastigação mais rápida - mais mordidas por segundo.,Mastication plus rapide - plus de morsures par seconde.,Schnelleres Kauen - mehr Bisse pro Sekunde.,Masticazione più veloce - più morsi al secondo.,より速い噛みつき - 毎秒より多くの一口。,더 빠른 씹기 - 초당 더 많은 깨물기 수.,更快的咀嚼速度 - 每秒咬更多次。,更快的咀嚼速度 - 每秒咬更多次。,Mengunyah lebih cepat - lebih banyak gigitan per detik.,การกัดที่เร็วขึ้น - กัดมากขึ้นต่อวินาที,Daha hızlı çiğnemek - saniyede daha fazla ısırma.,Nhai nhanh hơn - nhiều lần nhấm mỗi giây.,Szybsze żucie - więcej ugryzienia na sekundę.,المضغ الأسرع - المزيد من العضات في الثانية.,
upgrade-gym-eff-desc,,,Better workout — more calories banked per burn.,Лучшая тренировка - больше калорий сжигается за раз.,Mejor entrenamiento: más calorías acumuladas por quema.,Melhor treino - mais calorias acumuladas por queima.,Meilleure séance d'entraînement - plus de calories stockées par brûlure.,Besseres Training - mehr gespeicherte Kalorien pro Verbrennung.,Allenamento migliore: più calorie accumulate per bruciare.,より良いトレーニング-燃焼ごとにより多くのカロリーを貯めることができます。,더 나은 운동 - 더 많은 칼로리를 저장합니다.,更好的锻炼效果 - 每次燃烧可储存更多卡路里。,更好的鍛鍊效果 - 每次燃燒時儲存更多卡路里。,Latihan yang lebih baik - lebih banyak kalori yang disimpan per pembakaran.,ออกกำลังกายที่ดีขึ้น - เก็บแคลอรี่มากขึ้นในแต่ละครั้งที่เผาไหม้,Daha iyi egzersiz - yakım başına daha fazla kalori kazanılır.,Tập luyện hiệu quả hơn - nhiều calo được tiết kiệm cho mỗi lần tập luyện.,Lepszy trening - więcej spalonych kalorii.,تمرين أفضل - المزيد من السعرات الحرارية المخزنة لكل حرق. ,
upgrade-burn-speed-desc,,,Faster passive burn — fat melts quicker while you work out.,Более быстрое пассивное горение - жир тает быстрее во время тренировки.,Quemadura pasiva más rápida: la grasa se derrite más rápido mientras haces ejercicio.,Queimamento passivo mais rápido - a gordura derrete mais rapidamente enquanto você se exercita.,Brûlure passive plus rapide - la graisse fond plus rapidement pendant que vous vous entraînez.,"Schnellere passive Verbrennung - Fett schmilzt schneller, während du trainierst.",Combustione passiva più veloce: il grasso si scioglie più velocemente mentre fai attività fisica.,より速いパッシブ燃焼 - 運動中に脂肪がより速く溶けます。,더 빠른 패시브 버닝 - 운동하는 동안 지방이 더 빨리 녹아요.,更快的被动燃烧 - 当你锻炼时，脂肪会更快地融化。,更快的被動燃燒速度 - 當你鍛鍊時，脂肪會更快地融化。,Pembakaran pasif yang lebih cepat - lemak meleleh lebih cepat saat Anda berolahraga.,การเผาไหม้แบบพาสซีฟที่เร็วขึ้น - ไขมันละลายเร็วขึ้นในขณะที่คุณออกกำลังกาย,Daha hızlı pasif yanma - egzersiz yaparken yağ daha hızlı erir.,Quá trình đốt cháy thụ động nhanh hơn - mỡ tan nhanh hơn trong khi bạn tập thể dục.,Szybsze pasywne spalanie – tłuszcz topi się szybciej podczas treningu.,الحرق السلبي الأسرع - يذوب الدهون بشكل أسرع أثناء التمرين.,
upgrade-burn-per-tap-desc,,,Each tap torches more fat — fewer taps to empty the belly.,"Каждое нажатие сжигает больше жира - меньше нажатий, чтобы опустошить живот.",Cada toque quema más grasa: menos toques para vaciar el vientre.,Cada toque queima mais gordura - menos toques para esvaziar a barriga.,Chaque tap brûle plus de graisse - moins de taps pour vider le ventre.,"Jeder Tap verbrennt mehr Fett - weniger Taps, um den Bauch zu entleeren.",Ogni tocco brucia più grasso: meno tocchi per svuotare la pancia.,それぞれのタップでより多くの脂肪が燃えます。腹を空けるにはタップ数を減らしましょう。,각 탭은 더 많은 지방을 태우습니다. 배를 비우려면 탭을 덜 누르세요.,每次点击都会燃烧更多的脂肪 - 点击次数越少，肚子就越容易变平。 ,每點擊一次就會燃燒更多脂肪 - 點擊次數越少，肚子就會越小。,Setiap ketukan membakar lebih banyak lemak - lebih sedikit ketukan untuk mengosongkan perut.,แต่ละการแตะจะเผาไหม้ไขมันมากขึ้น - มีการแตะน้อยลงเพื่อลดหน้าท้องให้ว่างเปล่า ,Her dokunma daha fazla yağ yakar - karnı boşaltmak için daha az dokunma gerekir.,Mỗi lần nhấn sẽ đốt cháy thêm chất béo - ít nhấn hơn để làm rỗng bụng.,"Każde dotknięcie spala więcej tłuszczu – mniej dotknięć, aby opróżnić brzuszek.",كل ضربة تحرق المزيد من الدهون - عدد أقل من الضربات لإفراغ البطن.,
upgrade-instant-burn-desc,,,Burn a slice of fat the instant you start — max tier clears it all!,"Сожгите кусок жира, как только вы начнете - максимальный уровень очистит все это!",Quema una rebanada de grasa en el momento en que comiences - ¡El nivel máximo lo elimina todo!,Queime uma fatia de gordura no instante em que você começar - o nível máximo limpa tudo!,Brûlez une tranche de graisse dès que vous commencez - le niveau maximum efface tout !,"Verbrenne ein Stück Fett, sobald du anfängst – die maximale Stufe löscht alles aus! ",Brucia una fetta di grasso nell'istante in cui inizi - il livello massimo cancella tutto!,開始する瞬間に脂肪のスライスを燃やします。最大ティアではすべてクリアされます！,시작하는 순간 지방 조각을 태우세요. 최대 티어에서는 모든 것을 클리어할 수 있습니다!,从你开始的那一刻起就燃烧一块脂肪 - 最高等级可以清除所有的脂肪！ ,從你開始的那一刻起，就燃燒一塊脂肪，最高等級可以清除所有的脂肪！,Bakar sepotong lemak begitu Anda memulai - tingkat maksimal akan membersihkan semuanya!,เผาชิ้นไขมันทันทีที่คุณเริ่ม - ระดับสูงสุดจะล้างทั้งหมด!,Başladığınız anda bir yağ dilimi yakın - maksimum seviye bunların hepsini temizler!,Đốt một lát mỡ ngay khi bạn bắt đầu - cấp độ tối đa sẽ xóa sạch tất cả!,Spal plasterek tłuszczu w momencie rozpoczęcia - maksymalny poziom usuwa wszystko!,قم بحرق شريحة من الدهون في اللحظة التي تبدأ فيها - المستوى الأقصى يمسح كل شيء!,
upgrade-run-speed-desc,,,Zippier legs — run around the cake faster.,Более легкие ноги - бегайте по торту быстрее.,Piernas más rápidas: corre alrededor del pastel más rápido.,Pernas mais ágeis - corra ao redor do bolo mais rápido.,Jambes plus rapides - courez autour du gâteau plus rapidement.,Zippigere Beine - renne schneller um den Kuchen herum.,Gambe più veloci: corri intorno alla torta più velocemente.,より速い脚 - ケーキをより速く走り回ることができます。,더 빠른 다리 - 케이크를 더 빨리 뛰어다닐 수 있어요.,更快的腿速 - 在蛋糕上跑得更快。 ,更快的腿速 - 在蛋糕上跑得更快。,Kaki yang lebih cepat - lari mengelilingi kue dengan lebih cepat.,ขาที่ว่องไวมากขึ้น - วิ่งรอบๆ เค้กได้เร็วขึ้น ,Daha hızlı bacaklar - pastanın etrafında daha hızlı koşun.,Chân nhanh hơn - chạy xung quanh chiếc bánh nhanh hơn.,Nogi Zippiera - biegnij po torcie szybciej.,الساقات الأكثر حيوية - اركض حول الكعكة بشكل أسرع. ,
hex-owned,,,Owned,Приобретено,En propiedad,Possuído,Possédé,In Besitz,Posseduto,所有済み,보유 중,已拥有,已擁有,Dimiliki,มีแล้ว,Sahip Olunan,Sở hữu,Posiadany,مملوكة,
hex-locked,,,Locked,Закрыто,Bloqueado ,Trancado,Verrouillé,Gesperrt,Bloccato ,ロック済み,잠김,已锁定,已鎖定,Terkunci,ล็อค,Kilitli,Bị Khóa,Zablokowane,مقفل,
hex-open,,,Open,Открыть,Abrir,Abrir,Ouvrir,Öffnen,Apri,開く,열기,打开,開啟,Buka,เปิด,Aç,Mở,Otwórz,يفتح,
hex-back,,,Back,Назад,Volver,Voltar,Retour,Zurück,Indietro,戻る,뒤로,返回,返回,Kembali,กลับ,Geri,Quay lại,Powrót,العودة,
hex-logo,,,UPGRADES,Улучшения,MEJORAS ,MELHORIAS ,AMÉLIORATIONS,VERBESSERUNGEN,MIGLIORAMENTI,アップグレード,업그레이드,升级 ,升級,PENINGKATAN,อัพเกรด,YÜKSELTMELER,NÂNG CẤP,ULEPSZENIA,الترقيات ,
hex-progress,,,{owned}/{total} tiers,,,,,,,,,,,,,,,,,
hex-open-desc,,,Open this branch of upgrades.,Откройте эту ветвь улучшений.,Abre esta rama de mejoras.,Abra este ramo de melhorias.,Ouvrez cette branche d'améliorations.,Öffne diesen Zweig von Upgrades.,Apri questo ramo di aggiornamenti.,このアップグレードの枝を開きます。,업그레이드의 이 가지를 엽니다.,打开这个升级分支。,開啟這個升級分支。,Buka cabang peningkatan ini.,เปิดสาขาอัพเกรดนี้,Yükseltmelerin bu dalını açın.,Mở nhánh nâng cấp này.,Otwórz tę gałąź ulepszeń.,افتح هذا الفرع من الترقيات.,
hex-tip-cost,,,Costs {n} calories,Стоит {n} калорий,Cuesta {n} calorías ,Custa {n} calorias ,Coûte {n} calories,Kostet {n} Kalorien,Costa {n} calorie ,コストは{n}カロリーです,{n} 칼로리가 필요합니다.,需要 {n} 卡路里 ,花費 {n} 卡路里,Biaya {n} kalori,ใช้ {n} แคลอรี่,{n} kalori harcar,Chi phí {n} calo,Kosztuje {n} kalorii,يكلف {n} من السعرات الحرارية.,
hex-tip-max,,,Maxed out!,Достигнут максимум!,¡Al máximo!,No máximo!,Maximisé !,Ausgeschöpft!,Al massimo!,限界に達しました！,최대입니다!,已达到最高水平！ ,已達上限！,Sudah maksimal!,ถึงขีดสุดแล้ว!,Sınırda!,Đã đạt đến giới hạn!,Na maksymalnym poziomie!,لقد وصلت إلى الحد الأقصى!,
hex-tip-locked,,,Buy the previous tier first.,Сначала купите предыдущий уровень.,Compra el nivel anterior primero.,Compre o nível anterior primeiro.,Achetez d'abord le niveau précédent.,Kaufe zuerst die vorherige Stufe.,Acquista prima il livello precedente.,まず前のティアを購入してください。,먼저 이전 티어를 구매하세요.,请先购买上一等级。,請先購買上一個等級。,Beli tingkat sebelumnya terlebih dahulu.,ซื้อระดับก่อนหน้าก่อน,Önce önceki seviyeyi satın alın.,Mua cấp độ trước đó trước tiên.,Najpierw kup poprzedni poziom.,قم بشراء المستوى السابق أولاً.,
hex-close,,,Close [E],Закрыть [E],Cerrar [E],Fechar [E],Fermer [E],Schließen [E],Chiudi [E],閉じる [E],닫기 [E],关闭 [E],關閉 [E],Tutup [E],ปิด [E],Kapat [E],Đóng [E],Zamknij [E],الإغلاق [E],
station-available,,,{n} Available,{n} Доступно,{n} Disponible,{n} Disponível,{n} Disponible,{n} Verfügbar,{n} Disponibili,{n} 利用可能,{n} 사용 가능,{n} 可用,{n} 可用,{n} Tersedia,{n} ว่างอยู่,{n} Mevcut,{n} Có sẵn,{n} Dostępne,{n} متاح,
eat-button,,,EAT,ЕСТЬ,COMER,COMER,MANGER,ESSEN,MANGIARE,食べる,먹기,吃,吃,MAKAN,กิน,YE,ĂN,JEŚĆ,أكل,
gym-tap,,,TAP!,Нажмите!,¡TOCA!,TOQUE!,TAPOTER !,TIPPEN!,TAP!,タップ！,탭!,点击！,點擊！,TAP!,แตะ!,DOKUN!,CHẠM!,STUKNIJ!,اضغط!,
gym-fat-left,,,{n}% FAT,{n}% жира,{n}% GRASA,{n}% GORDURA,{n}% de graisse,{n}% Fett,{n}% GRASSO,{n}% 脂肪,{n}% 지방,{n}% 脂肪,{n}% 脂肪,{n}% Lemak ,{n}% ไขมัน,{n}% Yağ,{n}% Mỡ,{n}% tłuszczu,{n}% الدهون,
hud-burn-fat,,,TO CHECKPOINT,К КОНТРОЛЬНОЙ ТОЧКЕ,AL PUNTO DE CONTROL,PARA O CHECKPOINT,AU POINT DE CONTRLE,ZUM CHECKPOINT,AL CHECKPOINT,チェックポイントへ,체크포인트로,前往检查点,前往檢查點,KE POS PEMERIKSAAN,ไปยังจุดตรวจ,KONTROL NOKTASINA,ĐẾN ĐIỂM KIỂM TRA,DO PUNKTU KONTROLNEGO,إلى نقطة التفتيش,
btn-equip,,,Equip,Надеть,Equipar,Equipar,Équiper,Ausrüsten,Equipaggia,装備する,장착,装备,裝備,Pakai,สวมใส่,Takın,Trang bị,Wyposaż,تجهيز,
btn-unequip,,,Unequip,Разоружить,Desequipar,Desequipar,Déséquiper,Ablegen,Disequipaggia,装備を外す,장착 해제,卸下装备,卸下裝備,Lepaskan Perlengkapan,ถอดออก,Takını Kaldır,Bỏ trang bị,Zdejmij wyposażenie,نزع المعدات,
btn-equip-best,,,Equip Best,Надеть лучшее,Equipar mejor,Equipar Melhor,Équiper le mieux,Bestes ausrüsten,Equipaggia al meglio,ベストを装備する,베스트 장착,装备最佳,裝備最佳,Lengkapi Terbaik,สวมใส่ที่ดีที่สุด,En İyisini Donatın,Trang bị tốt nhất,Wyposaż najlepsze,تجهيز الأفضل,
label-select-pet,,,Pick a squishy,Выберите мягкого,Elige un squishy,Escolha um squishy,Choisissez un squishy,Wähle einen Squishy,Scegli un squishy,スクイシーを選んでください,스 퀴시를 선택하세요,选择一个柔软的东西 ,選擇一個軟軟的東西,Pilih yang lembut,เลือกสควิชี่,Bir yumuşacık seçin,Chọn một thứ mềm mại,Wybierz squishy,اختر لعبة رقيقة.,
reveal-new,,,NEW SQUISHY!,НОВЫЙ МЯГКИЙ!,NUEVO SQUISHY!,NOVO SQUISHY!,NOUVEAU SQUISHY !,NEUER SQUISHY!,NUOVO SQUISHY!,新しいスクイシー！,새로운 스 퀴시!,新的软萌玩具！,新的軟萌玩具！,SQUISHY BARU!,SQUISHY ใหม่!,YENI YUMUŞAK!,SQUISHY MỚI!,NOWY SQUISHY!,اللينة الجديدة!,
reveal-copies,,,Level {n},Уровень {n},Nivel {n},Nível {n},Niveau {n},Stufe {n},Livello {n},レベル {n},레벨 {n},等级 {n},等級 {n},Tingkat {n},เลเวล {n},Seviye {n},Cấp {n},Poziom {n},المستوى {n},
reveal-continue,,,Tap to continue,"Нажмите, чтобы продолжить",Toca para continuar,Toque para continuar,Tapez pour continuer,"Tippen, um fortzufahren",Tocca per continuare,タップして続ける,계속하려면 탭하세요.,点击继续,點擊繼續,Ketuk untuk melanjutkan,แตะเพื่อดำเนินการต่อ,Devam etmek için dokunun,Nhấn để tiếp tục,"Stuknij, aby kontynuować",اضغط للمتابعة,
pet-crumb-mouse,,,Vanilla Cup,Ванильный кубок,Taza de vainilla,Copo de Baunilha,Coupe de vanille,Vanillebecher,Tazza di vaniglia,バニラカップ,바닐라 컵,香草杯,香草杯,Cangkir Vanila,ถ้วยวานิลลา,Vanilya Kupası,Cốc Vanilla,Filiżanka wanilii,كوب الفانيليا,
pet-sugar-chick,,,Wink Cup,Кубок подмигивания ,Copa de guiño,Copo de Aceno,Coupe Wink,Wink-Cup,Tazza Wink,ウインクカップ,윙크 컵,眨眼杯,眨眼杯,Cangkir Wink ,วิงค์ คัพ,Göz Kırpma Kupası,Cốc nháy mắt,Kubek Wink,كوب الغمز ,
pet-jelly-slug,,,Calm Cup,Кубок спокойствия,Taza de calma,Copo Calmo,Coupe du calme,Ruhiger Pokal,Tazza calma,カルムカップ,칼름 컵,平静杯,冷靜杯,Cangkir Tenang,ถ้วยสงบ ,Sakinlik Kupası,Cốc bình tĩnh,Spokojny kubek,كوب الهدوء ,
pet-berry-gummy,,,Aqua Drop,Капля воды,Gota de agua,Gota de água,Goutte d'eau,Aqua-Tropfen,Goccia d'acqua,アクアドロップ,아쿠아 드롭,水滴,水滴,Tetes Aqua,อควาดรอป,Aqua Damlası,Giọt nước,Kropla wodna,قطرة المياه,
pet-lime-gummy,,,Mint Drop,Капля мяты,Gota de menta,Gota de Menta,Goutte de menthe,Minztropfen,Goccia di menta,ミントドロップ,민트 드롭,薄荷滴,薄荷滴,Tetes Mint,มินท์ดรอป,Naneli Damla,Giọt bạc hà,Miętowa kropla,قطرة النعناع ,
pet-lemon-gummy,,,Blush,Румянец,Rubor,Blush,Fard à joues,Erröten,Fardello,ブラッシュ,블러시,腮红,紅暈,Perona pipi,บลัช,Allık,Phấn mặt,Róż,الخفر,
pet-loop-pop,,,Ocean Drop,Океанская капля,Gota de océano,Gota do Oceano,Goutte d'océan,Ozean-Tropfen,Goccia dell'oceano,オーシャンドロップ,오션 드롭,海洋滴,海洋滴,Tetesan Laut,หยดมหาสมุทร,Okyanus Damlası,Giọt biển,Kropla oceanu,قطرة المحيط,
pet-frosting-cat,,,Lilac Drop,Лилиановая капля,Gota lila,Gota de lilás,Goutte lilas,Lila Tropfen,Goccia lilla,ライラックドロップ,라일락 드롭,淡紫色水滴,淡紫色水滴,Tetes Lilac,หยดสีม่วง,Lila Damla,Giọt màu lilac,Liliowa kropla,قطرة الألوان الزهرية,
pet-cocoa-pup,,,Sunset Drop,Закатное падение,Gota de atardecer,Queda do Pôr do Sol,Goutte de coucher de soleil,Sonnenuntergang-Tropfen,Goccia del tramonto,サンセットドロップ,선셋 드롭,日落滴,日落滴,Tetes Matahari Terbenam,ซันเซ็ทดรอป,Günbatımı Damlası,Giọ mặt trời hoàng hôn,Zachodzący słońce ,قطر الغروب ,
pet-candy-crab,,,Stone Loaf,Каменный буханчик,Pan de piedra,Pão de Pedra,Pain de pierre,Steinbrot ,Pagnotta di Pietra,ストーンローフ,스톤 로프,石头面包,石頭麵包,Roti Batu,ก้อนหิน,Taş Ekmeği,Khối đá,Kamienny bochenek ,خبز الحجرة ,
pet-top-muffin,,,Peach Glow,Персиковое свечение,Brillo de durazno,Brilho de Pêssego,Éclat de pêche,Pfirsich-Glanz,Bagliore di pesca,ピーチグロー,피치 글로우,桃子光辉,桃色光澤,Cahaya Persik,แสงพีช,Şeftali Parıltısı,Ánh sáng đào,Brzoskwinowy blask,توهج المشمش,
pet-flake-crescent,,,Cream Wink,Кремовая подмигивашка,Guinzo de crema ,Aceno de Creme ,Clin d'œil crème,Creme-Wink,Occhiolino crema ,クリームウインク,크림 윙크,奶油眨眼 ,奶油眨眼,Kedipan Krim ,ขยิบตาครีม,Krem Göz Kırpma,Nháy mắt kem,Kremowe mruganie,غمزة الكريمي,
pet-blue-drop,,,Mint Glow,Мятное свечение,Brillo de menta,Brilho de Menta,Éclat de menthe,Minzglanz,Bagliore di menta,ミントグロウ,민트 글로우,薄荷光辉,薄荷光澤,Cahaya Mint,มินท์โกลว์,Naneli Parıltı,Ánh sáng bạc hà,Miętowy blask,التوهج النعناعي,
pet-peppermint-stick,,,Grape Drop,Капля винограда,Caída de uvas,Queda de Uvas,Chute de raisin,Traubentropfen,Goccia d'uva,グレープドロップ,포도 드롭,葡萄滴,葡萄滴,Tetes Anggur,หยดองุ่น,Üzüm Damlası,Giọt nho,Kropla winogron,قطرة العنب ,
pet-caramel-fox,,,Plum Sparkle,Блеск сливы,Brillo de ciruela,Brilho de Ameixa,Étincelle de prune,Pflaumenglanz,Scintilla di prugna,プラムスパークル,플럼 스파클,紫色闪光,紫色閃光,Kilauan Plum,ประกายพลัม,Kiraz Parıltısı,Lấp lánh mận,Świecidełko śliwki,بريق البرقوق ,
pet-waffle-owl,,,Sun Hat,Солнечная шляпа,Sombrero de sol,Chapéu de Sol,Chapeau de soleil,Sonnenhut,Cappello da sole,サンハット,선 햇,太阳帽,太陽帽,Topi Matahari,หมวกกันแดด,Güneş Şapkası,Mũ Nắng,Czapka przeciwsłoneczna,قبعة الشمس ,
pet-rose-macaron,,,Leaf Sprout,Лиственный росток,Brote de hoja,Broto de Folha,Pousse de feuille,Blatt-Keim,Cespuglio di foglie ,葉の芽,나뭇잎 싹,叶子萌芽 ,葉芽,Tunas Daun,ต้นใบไม้ ,Yaprak Filizi,Mầm lá cây,Pączek liści,بادعة الأوراق ,
pet-sky-macaron,,,Bonsai,Бонсай,Bonsái,Bonsai,Bonsaï,Bonsai,Bonsai,盆栽,본사이,盆栽,盆栽,Bonsai,บอนไซ,Bonsai,Bonsai,Bonsai,بونساي,
pet-swirl-roll,,,Sky Beam,Небесный луч ,Rayo del cielo,Raio do Céu,Rayon du ciel,Himmelsstrahl ,Raggio del cielo,スカイビーム,스카이 빔,天空光束,天空光束,Sinar Langit,สกายบีม,Gök Işını,Tia bầu trời,Promień nieba,شعاع السماء ,
pet-stack-cakes,,,Pastel Arc,Пастельная дуга,Arco de pastel,Arco Pastel,Arc pastel,Pastellbogen,Arco pastello,パステルアーク,파스텔 아크,柔和弧线 ,粉彩弧線,Busur Pastel,อาร์คพาสเทล ,Pastel Kemer ,Cầu vồng pastel,Pastelowy łuk,القوس الباستيل ,
pet-gummy-dragon,,,Cool Shades,Крутые оттенки,Sombras frescas,Tons Frios,Lunettes cool,Coole Farbtöne,Tonalità fredde,クールなサングラス,쿨 쉐이드,酷炫墨镜,酷炫墨鏡,Nuansa Keren,แว่นตาสุดเท่,Havalı Gölgeler,Kính râm thời trang,Fajne odcienie,الظلال الرائعة,
pet-eclair-unicorn,,,Ancient Bonsai,Древний бонсай,Bonsái antiguo,Bonsai Antigo,Bonsaï ancien,Uralter Bonsai,Bonsai antichi,古代の盆栽,고대 본사이,古代盆栽,古代盆栽,Bonsai Kuno ,บอนไซโบราณ,Antik Bonsai,Cây bonsai cổ xưa,Starożytny bonsai,بونساي القديم,
pet-slice-supreme,,,Ember,Эмбер,Ember,Ember,Braise,Glut,Ember,エンバー,엠버,余烬,火花,Ember,Ember,Ateş parçası,Ember,Ember,اللهب,
pet-crunch-taco,,,Visor,Визор,Visor ,Visor,Visière,Visier,Visiera ,バイザー,바이저,遮阳帽,遮陽板,Visor ,ที่กันแดด,Gözlük,Tấm che,Wizor,الشاشة ,
pet-triple-scoop,,,Thunderhead,Громовая голова,Cabeza de trueno,Cabeça de Trovão,Tête de tonnerre,Donnerkopf,Testa di tuono,雷の頭,썬더헤드,雷电头,雷頭,Kepala Guntur,ธันเดอร์เฮด,Yıldırım Kafası,Đầu sét,Głowa pioruna,رأس البرق,
pet-golden-whale,,,King,Король,Rey,Rei,Roi,König,Re,キング,킹,国王,國王,Raja,ราชา,Kral,Vua,Król,ملك,
pet-the-cake,,,Angel Cup,Кубок ангела,Copa de Ángel,Copo de Anjo,Coupe d'ange,Engel-Cup,Tazza dell'angelo,エンジェルカップ,엔젤 컵,天使杯,天使杯,Piala Malaikat,แองเจิล คัพ,Melek Kupası,Cúp Thiên thần,Kubek Anioła,كأس الملاك ,
pet-cloud-floss,,,Prism,Призма,Prisma ,Prisma,Prisme,Prisma,Prisma,プリズム,프리즘,棱镜,棱鏡,Prism ,ปริซึม,Prizm,Lăng kính,Pryzmat,المنشور ,
pet-ruby-berry,,,Void Cup,Кубок пустоты,Copa del Vacío,Copo do Vazio,Coupe du vide,Void-Cup ,Tazza del Vuoto,ヴォイドカップ,공허의 컵,虚空杯,虛空杯,Piala Void,ถ้วย Void,Boşluk Kupası,Cúp Void,Puchar Pustki,كأس الفراغ ,
pet-void-muffin,,,DEMON,ДЕМОН,DEMONIO,DEMÔNIO,DÉMON,DEMON,DEMONE,デーモン,악마,恶魔,惡魔,SETAN,ปีศาจ,ŞEYTAN,QUỷ DỮ,DEMON,شيطان,
pet-snow-drop,,,Snow Drop,Капля снега,Gota de nieve,Gota de Neve,Goutte de neige,Schneetropfen,Goccia di neve,雪の滴,눈 방울,雪滴,雪滴,Tetesan Salju,หยดหิมะ,Kar Damlası,Giọt tuyết,Kropla śniegu,قطرة الثلج,
pet-stripe-shell,,,Stripe Shell,Полосатая оболочка,Concha de rayas,Concha de Listras,Coquille rayée,Streifenschale,Conchiglia a strisce,ストライプシェル,스트라이프 쉘,条纹贝壳,條紋殼,Cangkang Garis,เปลือกลาย,Çizgili Kabuk,Vỏ sọc,Skorupa paskowa,قشرة الخطوط ,
pet-butter-cup,,,Butter Cup,Масляный кубок,Taza de mantequilla,Copo de Manteiga,Coupe de beurre,Butterbecher,Tazza di burro,バターカップ,버터 컵,黄油杯,奶油杯,Cangkir Mentega,ถ้วยเนยสด,Tereyağı Kupası,Cốc Bơ,Kubek masła,كوب الزبدة ,
pet-lavender-drop,,,Lavender Drop,Лавандовая капля,Gota de lavanda,Gota de Lavanda,Goutte de lavande,Lavendeltropfen,Goccia di lavanda,ラベンダードロップ,라벤더 드롭,薰衣草滴,薰衣草滴,Tetes Lavender,หยดลาเวนเดอร์,Lavanta Damlası,Giọt hoa lavender,Kropla lawendy,قطر اللافندر,
pet-lime-glow,,,Lime Glow,Лаймовое свечение,Brillo de lima,Brilho de Limão,Éclat de lime,Limettenglut,Bagliore di lime,ライムグロウ,라임 글로우,柠檬光辉,檸檬光澤,Cahaya Limau,แสงมะนาว,Limon Parıltısı,Ánh sáng chanh,Limonkowy blask,توهج الليمون,
pet-amber-drop,,,Amber Drop,Янтарная капля,Gota de ámbar,Gota de Âmbar,Goutte d'ambre,Bernstein-Tropfen,Goccia d'ambra,琥珀の滴,琥珀 드롭,琥珀滴,琥珀滴,Tetes Amber,แอมเบอร์ดรอป,Kehribar Damlası,Giọt hổ phách,Bursztynowa kropla,قطرة العنبر ,
pet-blossom,,,Blossom,Цвести,Flor,Flor,Fleur,Blüte,Fiore,花,블로섬,花朵,花朵,Bunga,ดอกบาน,Çiçek,Hoa nở,Kwiat,الزهرة,
pet-sombrero,,,Siesta,Сиеста ,Siesta,Siesta,Sieste ,Siesta,Siesta,シエスタ,시에스타,午睡,午睡,Siesta,Siesta,Siesta,Giấc ngủ trưa,Siesta,الاستراحة ,
pet-viking-helm,,,Raider,Разбойник,Asaltante,Invasor,Assaillant,Räuber,Assalitore ,レイダー,레이더,掠袭者 ,入侵者,Perampok,ไรเดอร์,Soyguncu,Kẻ cướp biển,Najeźdźca,المهاجم ,
pet-green-blade,,,Green Blade,Зеленый клинок,Hoja verde,Lâmina Verde,Lame verte,Grüne Klinge,Lama verde,グリーンブレード,그린 블레이드,绿色之刃,綠色劍刃,Pedang Hijau,ใบมีดสีเขียว,Yeşil Bıçak,Lưỡi xanh lá cây,Zielone Ostrze,الشفرة الخضراء ,
pet-suit,,,The Boss,Босс,El Jefe,O Chefe,Le patron,Der Boss,Il Boss,ボス,보스,头目 ,老闆 ,Bos,บอส,Patron,Ông chủ,Szef,الزعيم ,
pet-officer,,,Officer,Офицер,Oficial,Oficial,Officier,Offizier,Ufficiale,役員,장교,军官,官員,Petugas,นายร้อย,Memur,Sĩ quan,Oficer,ضابط,
pet-firefighter,,,Firefighter,Пожарник,Bombero,Bombeiro,Pompier,Feuerwehrmann,Pompiere ,消防士,소방관,消防员 ,消防員,Pemadam Kebakaran,นักดับเพลิง,İtfaiyeci,Lính cứu hỏa,Strażak,رجل الاطفاء,
pet-hazard-core,,,Hazard Core,Опасное ядро,Núcleo de peligro,Núcleo de Perigo,Noyau de danger,Gefahrenkern,Nucleo di pericolo,ハザードコア,위험 코어,危险核心,危險核心,Inti Bahaya ,แกนอันตราย,Tehlike Çekirdeği,Lõi nguy hiểm,Rdzeń zagrożeń,جوهر الخطر ,
pet-ember-rage,,,Ember Rage,Ярость Эмбера,Furia de Ember,Fúria de Ember,Colère d'Ember,Ember-Wut,Furia di Ember,エンバーの怒り,엠버의 분노,炽热愤怒,火焰之怒,Kemarahan Ember,Ember Rage,Ateş Öfkesi,Cơn Thịnh Nộ Của Ember,Gniew Ember,غضب الإمبير ,
pet-alien,,,Visitor,Гость,Visitante,Visitante,Visiteur,Besucher,Visitatore,訪問者,방문자,访客,訪客,Pengunjung,ผู้เยี่ยมชม,Ziyaretçi,Khách ghé thăm,Gość,زائر ,
pet-nebula-drop,,,Nebula,Туманность,Nebulosa,Nebula,Nébuleuse,Nebel,Nebulosa,ネビュラ,성운,星云,星雲,Nebula,เนบิวลา,Nebülöz,Tinh vân,Mgławica,السديم,
pet-galaxy-ring,,,COSMOS,КОСМОС,COSMOS,COSMOS,COSMOS,KOSMOS,COSMO,宇宙,宇宙,宇宙,宇宙,KOSMOS,คอสโมส,KOZMOS,VŨ TRỤ,KOSMOS,الكون,
stat-calories,,,Calories,Калории,Calorías,Calorias,Calories,Kalorien,Calorie,カロリー,칼로리,卡路里,卡路里,Kalori,แคลอรี่,Kaloriler,Calo,Kalorie,السعرات الحرارية,
stat-eat-speed,,,Eat Speed,Скорость еды,Velocidad de Comida,Velocidade de Comer,Vitesse de manger,Essgeschwindigkeit,Velocità di Mangiamento,食事速度,먹는 속도,进食速度,進食速度,Kecepatan Makan,ความเร็วการกิน,Yeme Hızı,Tốc độ ăn,Prędkość jedzenia,سرعة الأكل ,
stat-gems,,,Gems,Самоцветы,Gemas ,Joias,Gemmes,Edelsteine ,Gemme ,ジェム,보석,宝石,寶石,Permata ,อัญมณี,Mücevherler,Đá quý,Klejnoty,الأحجار الكريمة,
rarity-common,,,Common,Обычный,Común ,Comum ,Commun,Gewöhnlich,Comune ,普通,일반,常见,常見,Umum ,ธรรมดา,Sıradan,Thông thường,Zwykły,شائع ,
rarity-uncommon,,,Uncommon,Необычный,Poco común,Incomum,Peu commun,Ungewöhnlich,Non comune,珍しい,드문,罕见,罕見,Tidak biasa,พิเศษ,Sıradan Olmayan,Không phổ biến,Niezwykły,غير شائع,
rarity-rare,,,Rare,Редкий,Raro ,Raro,Rare,Selten,Raro,レア,레어,稀有,稀有,Langka,หายาก,Nadir,Hiếm,Rzadki,نادر,
rarity-epic,,,Epic,Эпический,Épico,Épico,Épique,Episch,Epico,エピック,에픽,史诗级,史詩級,Epik,อีปิค,Epik,Hoành tráng,Epicki,ملحمي,
rarity-legendary,,,Legendary,Легендарный,Legendario ,Lendário ,Légendaire,Legendär,Leggendario,レジェンド,레전더리,传说级,傳奇級,Legendaris,ตํานาน,Efsanevi,Huyền thoại,Legendarny,الأسطوري,
rarity-secret,,,Secret,Секрет,Secreto ,Segredo,Secret,Geheimnis,Segreto,秘密,비밀,秘密,秘密,Rahasia,ความลับ,Gizli,Bí mật,Sekret,سري,
biome-factory,,,Cake Factory,Завод тортов,Fábrica de Pasteles,Fábrica de Bolos,Usine de gâteaux,Kuchenfabrik,Fabbrica di torte,ケーキ工場,케이크 공장,蛋糕工厂 ,蛋糕工廠,Pabrik Kue,โรงงานเค้ก,Kek Fabrikası,Nhà máy bánh,Fabryka ciast,مصنع الكعك ,
biome-donut,,,Donut Plant,Растение пончиков,Planta de Rosquilla ,Planta de Rosquinhas,Plante de beignet,Donut-Pflanze ,Pianta di ciambelle ,ドーナツプラント,도넛 식물,甜甜圈植物,甜甜圈植物,Tanaman Donat,ต้นโดนัท ,Donat Bitkisi,Cây Donut ,Roślina pączków,نبات الدونات ,
biome-candy,,,Candy World,Мир конфет,Mundo de caramelo,Mundo dos Doces,Monde des bonbons,Süßigkeitenwelt,Mondo delle caramelle,キャンディワールド,캔디 월드,糖果世界,糖果世界,Dunia Permen,โลกขนมหวาน,Şeker Dünyası,Thế giới kẹo ngọt,Świat cukierków,عالم الحلوى ,
label-music,,,Music,музыка,Música,Música,Musique,Musik,Musica,音楽,음악,音乐,音樂,Musik,ดนตรี,Müzik,Nhạc,Muzyka,موسيقى ,
label-sound-effects,,,Sound Effects,Звуковые эффекты,Efectos de Sonido ,Efeitos Sonoros,Effets sonores,Soundeffekte,Effetti sonori,効果音,사운드 효과,音效,音效,Efek Suara,เสียงเอฟเฟค,Ses Efektleri,Hiệu ứng âm thanh,Efekty dźwiękowe,المؤثرات الصوتية,
footer-daily-claim,,,Claim today's reward!,Получите сегодняшнюю награду!,¡Reclama la recompensa de hoy!,Resgate a recompensa de hoje!,Réclamez la récompense du jour !,Nimm die heutige Belohnung ein!,Reclama la ricompensa di oggi!,今日の報酬を受け取ろう！,오늘의 보상을 획득하세요!,领取今天的奖励！,領取今天的獎勵吧！,Klaim hadiah hari ini!,รับรางวัลของวันนี้!,Günlük ödülü alın!,Nhận phần thưởng hôm nay!,Odbierz dzisiejszą nagrodę!,احصل على مكافأة اليوم!,
footer-daily-tomorrow,,,Come back tomorrow for the next reward!,Вернитесь завтра за следующей наградой!,Vuelve mañana para la siguiente recompensa.,Volte amanhã para a próxima recompensa!,Reviens demain pour la prochaine récompense !,"Komm morgen wieder, um die nächste Belohnung zu erhalten!",Torna domattina per la prossima ricompensa!,明日また来て、次の報酬を手に入れよう！,내일도 접속해 다음 보상을 받으세요!,明天再来领取下一个奖励吧！,明天再來領取下一個獎勵吧！,Kembalilah besok untuk hadiah berikutnya!,กลับมาในวันพรุ่งนี้เพื่อรับรางวัลถัดไป!,Bir sonraki ödül için yarın tekrar gelin!,Quay lại vào ngày mai để nhận phần thưởng tiếp theo!,Wróć jutro po następną nagrodę!,عُد غدًا للحصول على المكافأة التالية!,
shop-section-featured,,,Featured,Избранное,Destacado,Em Destaque,En vedette,Empfohlen,In evidenza,特集,추천,精选,精選,Unggulan,โดดเด่น,Öne çıkan,Nổi bật,Wyróżnione,مميز,
shop-section-passes,,,Game Passes,Игровые пропуска,Pases de juego,Passes de Jogo,Passes de jeu,Spielpässe,Pass di gioco,ゲームパス,게임 패스,游戏通行证 ,遊戲通行證,Pass Game,เกมพาส,Oyun Kartları,Thẻ trò chơi,Przepustki gry,تذاكر اللعبة ,
shop-section-gold,,,Gems,Самоцветы,Gemas ,Joias,Gemmes,Edelsteine ,Gemme ,ジェム,보석,宝石,寶石,Permata ,อัญมณี,Mücevherler,Đá quý,Klejnoty,الأحجار الكريمة,
shop-section-gems,,,Gems,Самоцветы,Gemas ,Joias,Gemmes,Edelsteine ,Gemme ,ジェム,보석,宝石,寶石,Permata ,อัญมณี,Mücevherler,Đá quý,Klejnoty,الأحجار الكريمة,
shop-section-boosts,,,Boosts,Усиливает,Impulsos ,Impulsos ,Boosts,Boosts,Potenziamenti,ブースト,부스트,加成 ,加成 ,Peningkatan ,บูสต์,Takviyeler,Tăng cường,Wzmocnienia,التعزيزات ,
shop-section-free,,,Free Stuff,Бесплатные вещи,Cosas Gratis,Coisas Grátis,Choses gratuites,Gratis Sachen,Cose Gratis,無料のもの,무료 물건,免费物品 ,免費物品,Barang Gratis,ของฟรี,Ücretsiz Eşyalar,Đồ miễn phí,Darmowe rzeczy,أشياء مجانية,
shop-tab-featured,,,Offers,Предложения,Ofertas,Ofertas,Offres,Angebote,Offerte,オファー,오퍼,优惠,優惠,Penawaran,ข้อเสนอ,Teklifler,Ưu đãi,Oferty,العروض,
shop-tab-passes,,,Passes,Пропуска,Pases,Passes,Passes,Pässe,Passi,パス,패스,通行证,通行證,Pass,บัตรผ่าน,Kartlar,Thẻ,Przepustki,التذاكر ,
shop-tab-boosts,,,Boosts,Усиливает,Impulsos ,Impulsos ,Boosts,Boosts,Potenziamenti,ブースト,부스트,加成 ,加成 ,Peningkatan ,บูสต์,Takviyeler,Tăng cường,Wzmocnienia,التعزيزات ,
shop-tab-gems,,,Gems,Самоцветы,Gemas ,Joias,Gemmes,Edelsteine ,Gemme ,ジェム,보석,宝石,寶石,Permata ,อัญมณี,Mücevherler,Đá quý,Klejnoty,الأحجار الكريمة,
btn-soon,,,SOON,СКОРО,PRONTO,EM BREVE,BIENTÔT,BALD,PRESTO,まもなく,곧,很快,很快,SEGERA,เร็วๆนี้,YAKINDA,SỚM,WKRÓTCE,قريبا,
ribbon-best-value,,,BEST VALUE,ЛУЧШАЯ ЦЕНА,MEJOR VALOR ,MELHOR VALOR,MEILLEURE VALEUR,BESTER WERT ,MIGLIOR VALORE,最高の価値,최고의 가치,最佳价值 ,最超值價,Nilai Terbaik,คุ้มค่าที่สุด,EN İYİ DEĞER,GIÁ TRỊ TỐT NHẤT,NAJLEPSZA WARTOŚĆ,أفضل قيمة,
ribbon-one-time,,,ONE TIME,ОДИН РАЗ,Una vez,UMA VEZ,UNE FOIS,EINMAL,UNA VOLTA,一度,1회,一次,一次,SATU KALI,ครั้งเดียว,BİR KERE,MỘT LẦN,Raz,مرة واحدة,
label-group-reward,,,Group Reward,Награда группы,Recompensa de grupo,Recompensa de Grupo,Récompense de groupe,Gruppenbelohnung,Ricompensa di gruppo,グループ報酬,그룹 보상,小组奖励,群組獎勵,Hadiah Grup,รางวัลกลุ่ม,Grup Ödülü,Phần thưởng nhóm,Nagroda grupowa,مكافأة المجموعة,
sub-group-reward,,,Like + join for a free boost!,"Поставьте лайк и присоединитесь, чтобы получить бесплатное усиление!",Dale un me gusta y únete para un impulso gratuito.,Curta + junte-se para um impulso gratuito!,Aimez et rejoignez pour un boost gratuit !,Like + tritt für einen kostenlosen Boost bei!,Metti un like e unisciti per una spinta gratuita!,「いいね」+参加して無料ブーストをゲットしよう！,좋아요 + 참여하여 무료 부스트를 받으세요!,点赞并加入即可获得免费加成！,點贊並加入即可獲得免費加成！,Sukai + bergabung untuk dorongan gratis!,กดไลค์ + เข้าร่วมเพื่อรับบูสต์ฟรี!,Ücretsiz bir destek için beğenin ve katılın!,Thích + tham gia để nhận phép tăng cường miễn phí!,"Polub i dołącz, aby uzyskać darmowe wzmocnienie!",قم بالإعجاب والانضمام للحصول على دفعة مجانية!,
sub-group-join-first,,,"Join the group, then claim again!","Присоединяйтесь к группе, а затем запросите снова!",Únete al grupo y reclama de nuevo.,Junte-se ao grupo e reivindique novamente!,"Rejoignez le groupe, puis réclamez à nouveau !",Tritt der Gruppe bei und beanspruche es erneut!,"Unisciti al gruppo, quindi rivendica di nuovo!",グループに参加してから、もう一度請求してください。,그룹에 가입한 후 다시 획득하세요!,加入群组，然后再次领取！,加入群組，再次領取獎勵！,"Bergabunglah dengan grup, lalu klaim lagi!",เข้าร่วมกลุ่มแล้วรับอีกครั้ง!,"Gruba katılın, sonra tekrar talep edin!","Tham gia nhóm, sau đó nhận lại!","Dołącz do grupy, a następnie odbierz ponownie!",انضم إلى المجموعة ، ثم اطلب مرة أخرى!,
title-invite,,,Invite Friends,Пригласить друзей,Invitar Amigos,Convide amigos,Inviter des amis,Freunde einladen,Invita Amici,友達を招待する,친구 초대하기,邀请好友,邀請朋友,Undang Teman,เชิญเพื่อน,Arkadaşlarını Davet Et,Mời bạn bè,Zaproś znajomych,دعوة الأصدقاء,
invite-headline,,,{n} Gems Per Friend!,{n} драгоценных камней на друга!,{n} gemas por amigo!,{n} Gemas Por Amigo!,{n} gemmes par ami !,{n} Edelsteine pro Freund!,{n} gemme per amico!,友達ごとに{n}ジェム！,친구당 {n} 보석!,每个朋友 {n} 颗宝石！ ,每個朋友可以獲得{n}顆寶石！,{n} Permata Per Teman!,{n} อัญมณีต่อเพื่อน!,Arkadaş Başına {n} Mücevher!,{n} Đá quý cho mỗi người bạn!,{n} klejnotów na przyjaciela!,{n} الجواهر لكل صديق!,
invite-body,,,"Invite a friend. When they join the game, you get {n} Gems — no limit.","Пригласите друга. Когда он присоединится к игре, вы получите {n} драгоценных камней - без ограничений.","Invita a un amigo. Cuando se unen al juego, obtienes {n} gemas, sin límite.","Convide um amigo. Quando eles entrarem no jogo, você receberá {n} gemas - sem limite.","Invitez un ami. Quand ils rejoignent le jeu, vous obtenez {n} gemmes - pas de limite.","Lade einen Freund ein. Wenn er dem Spiel beitritt, erhältst du {n} Edelsteine ​​– ohne Limit.","Invita un amico. Quando si uniscono al gioco, ottieni {n} gemme, senza limite.",友達を招待してください。彼らがゲームに参加すると、{n}個のジェムを獲得できます - 制限はありません。,친구를 초대하세요. 친구가 게임에 참여하면 {n} 보석을 얻을 수 있습니다. 제한이 없습니다.,邀请一个朋友。当他们加入游戏时，你将获得{n}颗宝石 - 没有限制。,邀請一位朋友。当他們加入遊戲時，你將獲得{n}顆寶石 - 沒有上限。,"Undang seorang teman. Saat mereka bergabung dengan game, Anda mendapatkan {n} Permata - tidak ada batasan.",เชิญเพื่อน เมื่อพวกเขาเข้าร่วมเกม คุณจะได้รับ {n} อัญมณี - ไม่มีขีดจำกัด,"Bir arkadaş davet edin. Oyuna katıldıklarında, {n} mücevher kazanırsınız - sınır yok.","Mời một người bạn. Khi họ tham gia trò chơi, bạn nhận được {n} Đá quý - không giới hạn.","Zaproś znajomego. Gdy dołączy do gry, otrzymasz {n} klejnotów - bez limitu.",قم بدعوة صديق. عندما ينضم إلى اللعبة، ستحصل على {n} من الأحجار الكريمة - لا يوجد حد أقصى.,
invite-button,,,INVITE FRIENDS,ПРИГЛАСИТЬ ДРУЗЕЙ,INVITAR AMIGOS,CONVIDE AMIGOS,INVITER DES AMIS,FREUNDE EINLADEN,INVITA AMICI,友達を招待する,친구 초대,邀请好友,邀請朋友,UNDANG TEMAN,เชิญเพื่อน,ARKADAŞLARINI DAVET ET,MỜI BẠN BÈ,ZAPROŚ ZNAJOMYCH,دعوة الأصدقاء,
invite-count,,,{n} friends joined so far,{n} друзей уже присоединились,{n} amigos se han unido hasta ahora,{n} amigos entraram até agora,{n} amis ont rejoint jusqu'à présent,{n} Freunde sind bis jetzt beigetreten ,{n} amici si sono uniti finora,これまで{n}人の友達が参加しました,지금까지 {n}명의 친구가 참가했어요,到目前为止，已有{n}位朋友加入,到目前為止，有{n}個朋友加入了遊戲。,{n} teman telah bergabung sejauh ini,{n} เพื่อนเข้าร่วมจนถึงตอนนี้,Şimdiye kadar {n} arkadaş katıldı,{n} bạn bè đã tham gia cho đến nay,Do tej pory dołączyło {n} znajomych,انضم {n} أصدقاء حتى الآن.,
invite-count-none,,,No friends have joined yet,"Пока что нет друзей, которые присоединились.",Aún no se ha unido ningún amigo.,Nenhum amigo entrou ainda,Aucun ami n'a encore rejoint,Noch sind keine Freunde beigetreten,Nessun amico si è ancora unito,まだ友達が参加していません,아직 친구가 없습니다.,还没有朋友加入,還沒有朋友加入,Belum ada teman yang bergabung,ยังไม่มีเพื่อนเข้าร่วม,Henüz hiç arkadaş katılmadı.,Chưa có bạn bè nào tham gia,Nie ma jeszcze żadnych znajomych,لم ينضم أصدقاء بعد.,
invite-sent,,,Invites sent! Gems land when they join.,"Приглашения отправлены! Самоцветы появятся, когда они присоединятся.",¡Invitaciones enviadas! Las gemas llegan cuando se unen.,Convites enviados! Gemas chegam quando eles se juntam.,Invitations envoyées ! Les gemmes arrivent quand elles rejoignent.,"Einladungen gesendet! Edelsteine ​​kommen, wenn sie beitreten. ",Inviti inviati! Le gemme vengono assegnate quando si uniscono.,招待状を送信しました！参加するとジェムが入手できます。,초대장이 전송됐어요! 초대받은 플레이어가 참가하면 보석이 드롭됩니다.,邀请已送出！他们加入时会获得宝石。,邀請已送出！當他們加入時會獲得寶石。,Undangan sudah dikirim. Permata akan muncul saat mereka bergabung.,ส่งคำเชิญแล้ว! อัญมณีจะมาถึงเมื่อพวกเขาเข้าร่วม.,Davetler gönderildi. Katıldıklarında mücevherler elde edilir.,Lời mời đã được gửi. Kim cương sẽ xuất hiện khi họ tham gia.,"Zaproszenia wysłane! Klejnoty pojawią się, gdy dołączą.",تم إرسال الدعوات! ستحصل على الأحجار الكريمة عندما ينضمون.,
invite-unavailable,,,Invites aren't available right now.,Приглашения сейчас недоступны.,Las invitaciones no están disponibles ahora mismo.,Convites não estão disponíveis no momento.,Les invitations ne sont pas disponibles pour le moment.,Einladungen sind im Moment nicht verfügbar.,Gli inviti non sono disponibili al momento.,招待は現在利用できません。,현재 초대가 이용할 수 없습니다.,邀请功能暂时停用。,目前無法使用邀請功能。,Undangan tidak tersedia saat ini.,คำเชิญยังไม่พร้อมใช้งานในขณะนี้,Davetler şu anda kullanılamıyor.,Lời mời hiện không có sẵn.,Zaproszenia są teraz niedostępne.,الدعوات غير متوفرة حاليًا.,
title-group-reward,,,Free Boost,Бесплатное усиление,Impulso gratuito,Impulso Grátis,Boost gratuit,Kostenloser Boost,Boost Gratuito,無料ブースト,무료 부스트,免费加成,免費加成,Peningkatan Gratis,บูสฟรี,Ücretsiz Takviye,Tăng cường miễn phí,Darmowe wzmocnienie,دفعة مجانية,
group-headline,,,Like + Join = Free Boost,Лайк + Присоединение = Бесплатное усиление,Me gusta + Unirse = Impulso gratuito ,Like + Junte-se = Impulso Grátis,J'aime + Rejoindre = Boost gratuit,Like + Beitreten = Gratis-Boost ,Mi piace + Unisciti = Boost gratuito,「いいね」+参加=無料ブースト,좋아요 + 참여 = 무료 부스트,点赞+加入=免费加成 ,點贊+加入=免費加成,Like + Bergabung = Boost Gratis,Like + Join = บูสต์ฟรี,Beğen + Katıl = Ücretsiz Takviye,Like + Tham gia = Tăng cường miễn phí,Polub + Dołącz = Darmowy bonus,الإعجاب + الانضمام = دفعة مجانية,
group-body,,,Like the game and join our community to get a 15 minute x2 Calories boost!,"Поставьте лайк игре и присоединитесь к нашему сообществу, чтобы получить увеличение калорий в 2 раза на 15 минут!",Dale un me gusta al juego y únete a nuestra comunidad para obtener un aumento de calorías de x2 durante 15 minutos.,Curta o jogo e junte-se à nossa comunidade para obter um aumento de x2 calorias por 15 minutos!,Aimez le jeu et rejoignez notre communauté pour obtenir un boost de x2 calories pendant 15 minutes !,"Like das Spiel und tritt unserer Community bei, um einen 15-minütigen x2 Kalorien-Boost zu erhalten!",Dai un like al gioco e unisciti alla nostra community per ottenere un aumento di calorie x2 di 15 minuti!,ゲームに「いいね」をして、コミュニティに参加すると、15分間、カロリーが2倍になります！,게임에 좋아요를 누르고 커뮤니티에 가입하면 15분 동안 칼로리 2배 부스트를 얻을 수 있어요!,点赞游戏并加入我们的社区，可获得15分钟的双倍卡路里加成！ ,點贊遊戲並加入我們的社群即可獲得 15 分鐘 2 倍卡路里加成！,Sukai gamenya dan bergabunglah dengan komunitas kami untuk mendapatkan peningkatan kalori x2 selama 15 menit!,กดไลค์เกมและเข้าร่วมชุมชนของเราเพื่อรับการเพิ่มแคลอรี่ x2 เป็นเวลา 15 นาที!,Oyunu beğenin ve 15 dakikalık x2 kalori takviyesi için topluluğumuza katılın!,Thích trò chơi và tham gia cộng đồng của chúng tôi để nhận được tăng cường calo x2 trong 15 phút!,"Polub grę i dołącz do naszej społeczności, aby uzyskać 15-minutowy wzrost kalorii x2!",قم بإعجاب اللعبة والانضمام إلى مجتمعنا للحصول على زيادة السعرات الحرارية x2 لمدة 15 دقيقة!,
group-button,,,GET REWARD,ПОЛУЧИТЬ НАГРАДУ,OBTENER RECOMPENSA,RECEBER RECOMPENSA,OBTENIR UNE RÉCOMPENSE,BELOHNUNG ERHALTEN,OTTIENI UNA RICOMPENSA,報酬を得る,보상 획득,获得奖励,獲得獎勵,DAPATKAN HADIAH,รับรางวัล,ÖDÜL ALIN,NHẬN THƯỞNG,ZDOBĄDŹ NAGRODĘ,الحصول على المكافأة,
group-wait,,,Like the game and wait {n} seconds.,Поставьте лайк игре и подождите {n} секунд.,Dale me gusta al juego y espera {n} segundos.,Curta o jogo e espere {n} segundos.,Aimez le jeu et attendez {n} secondes.,Like das Spiel und warte {n} Sekunden.,Dai un like al gioco e attendi {n} secondi.,ゲームを「いいね」して、{n}秒待ちます。,게임에 좋아요를 누르고 {n} 초를 기다리세요.,点赞游戏并等待{n}秒。,點贊遊戲並等待{n}秒。,Beri like pada game dan tunggu {n} detik.,กดไลค์เกมและรอ {n} วินาที,Oyunu beğenin ve {n} saniye bekleyin.,Thích trò chơi và đợi {n} giây.,Polub grę i poczekaj {n} sekund.,قم بإعجاب اللعبة وانتظر {n} ثواني.,
group-not-in-group,,,"Join the community first, then try again.","Сначала присоединяйтесь к сообществу, а затем попробуйте снова.",Únete a la comunidad primero e inténtalo de nuevo.,Junte-se à comunidade primeiro e tente novamente.,"Rejoignez d'abord la communauté, puis réessayez.",Tritt zuerst der Community bei und versuche es dann erneut.,"Unisciti prima alla comunità, quindi riprova.",まずコミュニティに参加してから、もう一度お試しください。,먼저 커뮤니티에 가입한 후 다시 시도해 주세요.,请先加入社区，然后重试。,請先加入社群，再試一次。,"Bergabunglah dengan komunitas terlebih dahulu, lalu coba lagi.",เข้าร่วมชุมชนก่อน แล้วลองอีกครั้ง,"Önce topluluğa katılın, sonra tekrar deneyin.","Tham gia cộng đồng trước, sau đó thử lại.","Najpierw dołącz do społeczności, a następnie spróbuj ponownie.",انضم إلى المجتمع أولاً، ثم حاول مرة أخرى.,
group-granted,,,Boost activated! Enjoy your x2 Calories.,Усиление активировано! Наслаждайтесь своими x2 калориями.,Impulso activado! Disfruta de tus x2 calorías.,Impulso ativado! Aproveite suas x2 calorias.,Boost activé ! Profitez de vos x2 Calories.,Boost aktiviert! Genieße deine x2 Kalorien.,Boost attivato! Goditi le tue x2 calorie.,ブーストが有効化されました！ 2倍のカロリーを楽しんでください。,부스트가 활성화되었습니다! x2 칼로리를 즐기세요.,强化效果已激活！享受你的双倍卡路里吧！ ,強化效果已啟用！享受雙倍的卡路里吧！,Peningkatan diaktifkan! Nikmati x2 Kalori Anda.,บูสต์เปิดใช้งานแล้ว! เพลิดเพลินไปกับแคลอรี่ x2 ของคุณ.,Takviye etkinleştirildi! x2 kalorilerin tadını çıkarın.,Boost đã được kích hoạt! Thưởng thức x2 Calo của bạn.,Wzmocnienie aktywowane! Ciesz się swoimi x2 kaloriami.,تم تفعيل التعزيز! استمتع بـ 2 أضعاف السعرات الحرارية.,
group-claimed,,,Already claimed — thanks for the support!,Уже получено - спасибо за поддержку!,Ya reclamado - ¡gracias por el apoyo!,Já reivindicado - obrigado pelo apoio!,Déjà réclamé - merci pour le soutien !,Bereits eingelöst - danke für die Unterstützung!,Già rivendicato - grazie per il supporto!,すでに受け取り済みです。サポートありがとうございます！,이미 획득했습니다. 응원해 주셔서 감사합니다!,已领取 - 感谢您的支持！,已領取 - 謝謝您的支持！,Sudah diklaim - terima kasih atas dukungannya!,ได้รับแล้ว - ขอบคุณสำหรับการสนับสนุน!,Zaten alındı - destek için teşekkürler!,Đã nhận được - cảm ơn vì sự hỗ trợ!,Już odebrano - dziękujemy za wsparcie!,تم الاستلام بالفعل - شكرًا على الدعم!,
group-unconfigured,,,This reward isn't available right now.,Эта награда сейчас недоступна.,Esta recompensa no está disponible ahora mismo.,Esta recompensa não está disponível agora.,Cette récompense n'est pas disponible pour le moment.,Diese Belohnung ist im Moment nicht verfügbar.,Questa ricompensa non è disponibile al momento.,この報酬は現在利用できません。,이 보상은 현재 사용할 수 없습니다.,该奖励目前不可用。,這個獎勵目前無法領取。,Hadiah ini tidak tersedia saat ini.,รางวัลนี้ยังไม่พร้อมใช้งานในขณะนี้,Bu ödül şu anda mevcut değil.,Phần thưởng này hiện không có sẵn.,Ta nagroda nie jest teraz dostępna.,هذه المكافأة غير متاحة حاليًا.,
btn-free,,,FREE,Бесплатно,GRATIS,GRÁTIS,GRATUIT,KOSTENLOS,GRATIS,無料,무료,免费,免費,GRATIS,ฟรี,ÜCRETSİZ,MIỄN PHÍ,DARMOWE,مجاني,
btn-owned,,,Owned,Приобретено,En propiedad,Possuído,Possédé,In Besitz,Posseduto,所有済み,보유 중,已拥有,已擁有,Dimiliki,มีแล้ว,Sahip Olunan,Sở hữu,Posiadany,مملوكة,
price-robux,,,R$ {n},R$ {n},R$ {n},R$ {n},R$ {n},R$ {n},R$ {n},R$ {n},R$ {n},R$ {n},R$ {n},R$ {n},R$ {n},R$ {n},R$ {n},R$ {n},ر$ {n},
price-robux-short,,,{n},{n},{n},{n},{n},{n},{n},{n},{n},{n},{n},{n},{n},{n},{n},{n},{n},
price-gems-short,,,{n},{n},{n},{n},{n},{n},{n},{n},{n},{n},{n},{n},{n},{n},{n},{n},{n},
placeholder-code,,,Enter code...,Введите код...,Introduzca el código...,Insira o código...,Entrez le code...,Code eingeben...,Inserisci il codice...,コードを入力...,코드를 입력하세요...,输入代码...,輸入代碼...,Masukkan kode...,ใส่โค้ด...,Kodu girin...,Nhập mã...,Wpisz kod...,ادخل الرمز...,
btn-redeem,,,Redeem,Активировать,Canjear ,Resgatar ,Échanger,Einlösen,Riscatta,引き換える,교환,兑换,兌換,Tukarkan,แลก,Kullan,Nhập mã,Odbierz,استرداد ,
status-code-ok,,,Code redeemed!,Код активирован!,Código canjeado!,Código resgatado!,Code utilisé !,Code eingelöst!,Codice riscattato!,コードを引き換えました！,코드를 사용했습니다!,兑换码已兑换！,代碼已兌換！,Kode telah digunakan!,แลกโค้ดแล้ว!,Kod kullanıldı!,Mã đã được sử dụng!,Kod został wykorzystany!,تم استرداد الرمز!,
status-code-ok-gold,,,Code redeemed! +{n} Gold,Код активирован! +{n} золота ,Código canjeado! +{n} Oro ,Código resgatado! +{n} Ouro,Code utilisé ! +{n} Or,Code eingelöst! +{n} Gold ,Codice riscattato! +{n} Oro ,コードを引き換えました！+{n} ゴールド,코드 교환 완료! +{n} 골드,兑换码已兑换！+{n} 金币 ,代碼已兌換！+{n} 黃金,Kode ditebus! +{n} Emas ,แลกโค้ดแล้ว! +{n} ทอง ,Kod kullanıldı! +{n} Altın,Mã đã được sử dụng! +{n} Gold,Kod wykorzystany! +{n} Złota,تم استرداد الرمز! +{n} من الذهب ,
status-code-invalid,,,Invalid code,Неверный код,Código no válido,Código inválido,Code non valide.,Ungültiger Code,Codice non valido,無効なコード,유효하지 않은 코드입니다,无效代码,無效代碼,Kode tidak valid,รหัสไม่ถูกต้อง,Geçersiz kod,Mã không hợp lệ,Niepoprawny kod,رمز غير صالح,
status-code-expired,,,This code has expired,Время действия кода истекло,Código expirado ,Este código expirou,Ce code a expiré,Dieser Code ist abgelaufen,Codice scaduto,このコードは期限切れです,이 코드는 만료되었습니다,该兑换码已过期,此代碼已過期,Kode ini sudah kedaluwarsa ,รหัสนี้หมดอายุแล้ว,Bu kodun süresi doldu,Mã này đã hết hạn,Ten kod wygasł,لقد انتهت صلاحية هذا الرمز.,
status-code-already,,,Already redeemed,Уже активирован,Ya canjeado,Já resgatado,Déjà utilisé,Bereits eingelöst,Già riscattato,すでに利用済みです,이미 사용함,已兑换,已兌換,Sudah ditebus,แลกแล้ว,Zaten kullanılmış,Đã nhận,Już wykorzystane,تم استرداده بالفعل,
status-code-cooldown,,,Please wait a moment...,"Пожалуйста, подождите...","Por favor, espera un momento...","Por favor, espere um momento...",Veuillez patienter...,Bitte warte einen Moment ...,Si prega di attendere un momento...,少々お待ちください…,잠시만 기다려 주세요...,请稍等一下...,請稍候一下...,Harap tunggu sebentar...,กรุณารอสักครู่...,Lütfen bir dakika bekleyin...,Vui lòng chờ một chút...,Proszę czekać...,يرجى الانتظار لبعض الوقت...,
tutorial-title,,,THE CHALLENGE,Вызов,EL DESAFÍO,O DESAFIO,LE DÉFI,DIE CHALLENGE,LA SFIDA,挑戦,챌린지,挑战,挑戰,TANTANGAN,ชาเลนจ์,ZORLUK,THỬ THÁCH,WYZWANIE,التحدي,
tutorial-skip,,,LET'S GO!,Поехали!,¡VAMOS!,VAMOS LÁ!,ALLONS-Y !,LOS GEHT'S!,ANDIAMO!,行こう！,갑시다!,出发吧！,來吧！,AYO PERGI!,มาลุยกันเลย!,BAŞLAYALIM!,HÃY BẮT ĐẦU NÀO!,RUSZAJMY!,دعونا نذهب!,
tutorial-eat-title,,,EAT THE CAKE!,Съешьте торт!,¡COME EL PASTEL!,COMA O BOLO!,MANGEZ LE GÂTEAU !,Iss den Kuchen!,MANGIA LA TORTA!,ケーキを食べよう！,케이크를 먹어라!,吃蛋糕！,吃蛋糕吧！,MAKAN KUE!,กินเค้ก!,Keki yiyin!,ĂN BÁNH!,Zjedz ciasto!,تناول الكيك!,
tutorial-eat-body-pc,,,Hold the LEFT MOUSE BUTTON to eat what's in front of you.,"Удерживайте левую кнопку мыши, чтобы съесть то, что перед вами.",Mantén presionado el botón izquierdo del ratón para comer lo que hay frente a ti.,Segure o botão esquerdo do mouse para comer o que está na sua frente.,Maintenez le bouton gauche de la souris pour manger ce qui se trouve devant vous.,"Halte die linke Maustaste gedrückt, um das zu essen, was vor dir liegt.",Tieni premuto il pulsante sinistro del mouse per mangiare ciò che hai davanti.,マウスの左ボタンを押したままにすると、目の前にあるものを食べることができます。,마우스의 왼쪽 버튼을 눌러 눈앞에 있는 물건을 먹으세요.,按住鼠标左键，以吃掉你面前的食物。,按住滑鼠左鍵，以吃掉你面前的東西。,Tahan TOMBOL MOUSE KIRI untuk memakan apa yang ada di depan Anda.,กดปุ่มเมาส์ซ้ายค้างเพื่อกินสิ่งที่อยู่ตรงหน้าคุณ,Önünüzdeki şeyleri yemek için sol fare düğmesini basılı tutun.,Giữ nút chuột trái để ăn thứ trước mặt bạn.,"Przytrzymaj lewy przycisk myszy, aby zjeść to, co jest przed tobą.",اضغط على زر الماوس الأيسر لتناول ما أمامك.,
tutorial-eat-body-touch,,,Hold the pink EAT button to eat what's in front of you.,"Удерживайте розовую кнопку «Есть», чтобы съесть то, что перед вами.",Mantén presionado el botón EAT rosa para comer lo que hay frente a ti.,Segure o botão EAT rosa para comer o que está na sua frente.,Maintenez le bouton EAT rose pour manger ce qui se trouve devant vous.,"Halte den rosa EAT-Button gedrückt, um das zu essen, was vor dir liegt.",Tieni premuto il pulsante EAT rosa per mangiare ciò che hai davanti.,ピンクのEATボタンを長押しすると、目の前にあるものを食べることができます。,분홍색 EAT 버튼을 눌러 눈앞에 있는 음식을 먹으세요.,按住粉色的进食按钮，吃掉你面前的食物。,按住粉紅色的「吃」按鈕，即可吃掉眼前的東西。,Tahan tombol EAT merah muda untuk memakan apa yang ada di depan Anda.,กดปุ่ม EAT สีชมพูค้างเพื่อกินสิ่งที่อยู่ตรงหน้าคุณ,Önünüzdeki şeyi yemek için pembe YEMEK düğmesini basılı tutun.,Giữ nút EAT màu hồng để ăn thứ có trước mặt bạn.,"Przytrzymaj różowy przycisk JEDZ, aby zjeść to, co jest przed tobą.",اضغط على زر الأكل الوردي لتناول ما أمامك.,
tutorial-eat-ok,,,GOT IT!,ПОНЯЛ!,¡ENTIENDO!,ENTENDEU!,J'AI COMPRIS !,VERSTANDEN!,HO CAPITO!,わかった！,알겠어요!,明白了！ ,知道了！,MENGERTI!,รับทราบ!,ANLADIM!,HIỂU RỒI!,ROZUMIEM!,فهمت!,
tutorial-arrow-upgrades,,,UPGRADES,Улучшения,MEJORAS ,MELHORIAS ,AMÉLIORATIONS,VERBESSERUNGEN,MIGLIORAMENTI,アップグレード,업그레이드,升级 ,升級,PENINGKATAN,อัพเกรด,YÜKSELTMELER,NÂNG CẤP,ULEPSZENIA,الترقيات ,
toast-claimed,,,Claimed!,Получено!,¡Reclamado!,Resgatado!,Réclamé !,Eingelöst!,Reclamato!,受け取り済み！,획득됨!,已领取！,已領取！,Terklaim!,รับแล้ว!,Alındı!,Đã nhận!,Odebrano!,تم الاستلام!,
toast-claimed-gold,,,+{n} Gold!,+{n} золота!,+{n} Oro!,+{n} Ouro!,+{n} d'or !,+{n} Gold!,+{n} Oro!,+{n} ゴールド！,+{n} 골드!,+{n} 金币！,+{n} 黃金！,+{n} Emas!,+{n} ทอง!,+{n} Altın!,+{n} Vàng!,+{n} Złota!,+{n} من الذهب!,
,,World ProximityPrompt at the checkpoint gym: the action that burns off belly fat (MapService),Burn it off!,Сожги его!,¡Quémalo!,Queime-o!,Brûlez-le !,Verbrenne es!,Brucialo!,燃やしてしまおう！,태워버려!,把它烧掉！,把它燒掉！,Bakar habis!,เผามันออก!,Onu yak!,Đốt cháy nó!,Spal to!,قم بحرقها!,
,,World ProximityPrompt object name for the gym machine at the checkpoint (MapService),Gym,Спортзал,Gimnasio ,Academia,Salle de gym,Fitnessstudio ,Palestra ,ジム,헬스장,健身房 ,健身房,Gimnasium,ยิม,Spor Salonu,Phòng tập gym ,Siłownia,الصالة الرياضية,
,,World ProximityPrompt action at the checkpoint upgrade computer — opens the upgrade tree (MapService),Upgrades,Улучшения,Mejoras ,Melhorias ,Améliorations,Verbesserungen,Miglioramenti,アップグレード,강화,升级,升級,Peningkatan ,อัพเกรด,Yükseltmeler,Nâng cấp,Ulepszenia,الترقيات ,
,,World ProximityPrompt object name for the upgrade computer at the checkpoint (MapService),Upgrade Station,Станция улучшения ,Estación de Mejora ,Estação de Melhorias ,Station de mise à niveau,Aufwertungsstation,Stazione di Potenziamento,アップグレードステーション,업그레이드 스테이션,升级站,升級站,Stasiun Upgrade,สถานีอัพเกรด,Yükseltme İstasyonu,Trạm Nâng Cấp,Stacja Ulepszeń ,محطة الترقية,
,,World ProximityPrompt action on the paid platform that clears a whole cake layer at once (MapService),Eat this layer,Съесть этот слой,Come esta capa,Coma esta camada,Mangez cette couche,Iss diese Schicht,Mangia questo strato,この層を食べる,이 층을 먹어라,吃掉这层,吃這一層,Makan lapisan ini,กินชั้นนี้,Bu katmanı yiyin,Ăn lớp này,Zjedz tę warstwę,تناول هذه الطبقة,
,,World ProximityPrompt object name for the paid layer-clearing platform; also a shop product (MapService),Layer Eater,Поедатель слоёв,Comedor de capas,Comedor de Camadas,Mangeur de couches,Schichtfresser ,Mangiatore di strati,レイヤーイーター,레이어 먹기,层级吞噬者 ,層級吞噬者,Pemakan Lapisan ,ผู้กินชั้น ,Katman Yiyici,Kẻ ăn lớp,Pożeracz warstw,آكل الطبقات ,
,,Lobby matchmaking pad sign: nobody has stepped on the pad yet (MatchConfig.queue.statuses),Waiting Players...,Ожидание игроков...,Esperando Jugadores...,Esperando Jogadores...,Joueurs en attente...,Wartende Spieler...,Giocatori in attesa...,プレイヤーを待っています...,대기 중인 플레이어...,等待玩家中...,等待玩家中...,Menunggu Pemain...,กำลังรอผู้เล่น...,Bekleyen Oyuncular...,Đang chờ người chơi...,Oczekujący gracze...,في انتظار اللاعبين...,
,,Lobby matchmaking pad sign: a player is on the pad and is picking difficulty and party size,Choose Game Mode,Выберите режим игры,Elegir modo de juego,Escolha o Modo de Jogo,Choisir le mode de jeu,Wähle den Spielmodus,Scegli modalità di gioco,ゲームモードを選ぶ,게임 모드 선택,选择游戏模式,選擇遊戲模式,Pilih Mode Game,เลือกโหมดเกม,Oyun Modunu Seçin,Chọn chế độ chơi,Wybierz tryb gry,اختر وضع اللعبة,
,,Lobby matchmaking pad sign: the match is starting and players are being sent to the game place,Teleporting...,Телепортация...,Teletransportando...,Teleportando...,Téléportation...,Teleportiert...,Teletrasporto...,テレポート中...,텔레포트 중...,传送中……,正在傳送中...,Teleportasi...,กำลังเทเลพอร์ต...,Teleport ediliyor...,Dịch chuyển...,Teleportowanie...,يتم الانتقال...,
,,Lobby matchmaking pad sign: the teleport failed and the pad is ready for another attempt,Try Again,Попробуй еще раз,Intentar de nuevo,Tente novamente,Réessayer,Erneut versuchen,Riprova,もう一度挑戦する,다시 시도하세요,再试一次,再試一次,Coba Lagi,ลองอีกครั้ง,Tekrar Deneyin,Thử lại,Spróbuj ponownie,حاول مرة أخرى,
,,Difficulty name on the lobby matchmaking pad sign (easiest of Easy/Medium/Hard),Easy,Легко,Fácil,Fácil,Facile,Einfach,Facile,簡単,쉬운,简单,簡單,Mudah,ง่าย,Kolay,Dễ,Łatwy,سهل,
,,Difficulty name on the lobby matchmaking pad sign (middle of Easy/Medium/Hard),Medium,Средний,Medio,Médio,Moyen,Mittel,Medio,ミディアム,중간,中等,中等,Medium,ปานกลาง,Orta,Trung bình,Średni,متوسط,
,,Difficulty name on the lobby matchmaking pad sign (hardest of Easy/Medium/Hard),Hard,Сложно,Difícil,Difícil,Difficile,Schwer,Difficile,ハード,어려움,困难,難的,Sulit,ยาก,Zor,Khó,Trudny,صعب,
,,Matchmaking error: the player acted on a match they had already left,You are not in a queue.,Вы не в очереди.,No estás en una cola.,Você não está em uma fila.,Vous n'êtes pas dans une file d'attente.,Du befindest dich nicht in einer Warteschlange.,Non sei in una coda.,キューに入っていません。,당신은 대기열에 있지 않습니다.,你不在队列中。,你不在排隊中。,Anda tidak berada dalam antrian.,คุณไม่อยู่ในคิว,Bir kuyrukta değilsin.,Bạn không ở trong hàng đợi.,Nie jesteś w kolejce.,أنت لست في قائمة الانتظار.,
,,Matchmaking error: only the first player on the pad may change the match settings,Only the queue leader can use this selection.,Только лидер очереди может использовать этот выбор.,Solo el líder de la cola puede usar esta selección.,Apenas o líder da fila pode usar esta seleção.,Seul le leader de file d'attente peut utiliser cette sélection.,Nur der Warteschlangenleiter kann diese Auswahl verwenden.,Solo il leader della coda può utilizzare questa selezione.,この選択は、キューのリーダーだけが使用できます。,이 선택은 큐의 리더만 할 수 있습니다.,只有队列队长才能使用此选择。,只有隊列隊長才能使用這個選項。,Hanya pemimpin antrian yang dapat menggunakan pilihan ini.,เฉพาะผู้นำคิวเท่านั้นที่สามารถใช้การเลือกนี้ได้,Sadece kuyruk lideri bu seçimi kullanabilir.,Chỉ thủ lĩnh hàng đợi mới có thể sử dụng lựa chọn này.,Tylko lider kolejki może użyć tego wyboru.,فقط قائد الطابور يمكنه استخدام هذا الاختيار.,
,,Matchmaking error: the match session timed out; the player must step off the pad and back on,This queue selection expired. Step off and re-enter.,Время действия очереди истекло. Выйдите и войдите снова.,Esta selección de cola ha expirado. Sal y vuelve a entrar.,Esta seleção de fila expirou. Saia e volte a entrar.,Cette sélection de file d'attente a expiré. Descendez et entrez à nouveau.,Diese Warteschlangenauswahl ist abgelaufen. Steig aus und tritt erneut ein.,La selezione della coda è scaduta. Esci e rientra.,このキューの選択は期限切れです。降りてから再入力してください。,이 큐 선택은 만료되었습니다. 나가 다시 입장하세요.,此队列选择已过期。请离开并重新进入。 ,此隊列選擇已過期。請離開並重新進入。,Pemilihan antrian ini telah kedaluwarsa. Keluar dan masuk kembali.,การเลือกคิวนี้หมดอายุแล้ว ออกไปแล้วกลับเข้าใหม่อีกครั้ง,Bu kuyruk seçimi sona erdi. Adım atlayın ve yeniden girin.,Lựa chọn hàng đợi này đã hết hại. Hãy rời khỏi và vào lại.,Ten wybór kolejki wygasł. Wysiądź i wejdź ponownie.,لقد انتهت صلاحية اختيار الطابور. انزل وادخل مرة أخرى.,
,,Matchmaking error: the request to join or configure a match was malformed,Invalid queue request.,Неверный запрос очереди.,Solicitud de cola no válida.,Solicitação de fila inválida.,Demande de file d'attente non valide.,Ungültige Warteschlangenanfrage.,Richiesta di coda non valida.,無効なキューリクエストです。,잘못된 큐 요청입니다.,无效的队列请求。,無效的隊列請求。,Permintaan antrian yang tidak valid.,คำขอคิวไม่ถูกต้อง,Geçersiz kuyruk isteği.,Yêu cầu hàng đợi không hợp lệ.,Nieprawidłowa prośba o kolejkę.,طلب الطابور غير صالح.,
,,Matchmaking error: the chosen match session is not valid,Invalid queue selection.,Неверный выбор очереди.,Selección de cola no válida.,Seleção de fila inválida.,Sélection de file d'attente non valide.,Ungültige Warteschlangenauswahl.,Selezione della coda non valida.,無効なキュー選択です。,잘못된 큐 선택입니다.,无效的队列选择。,無效的隊列選擇。,Pemilihan antrian yang tidak valid.,การเลือกคิวไม่ถูกต้อง,Geçersiz kuyruk seçimi.,Lựa chọn hàng đợi không hợp lệ.,Nieprawidłowy wybór kolejki.,اختيار الطابور غير صالح.,
,,Matchmaking error: the request to leave the match queue was malformed,Invalid leave request.,Неверный запрос на выход.,Solicitud de salida no válida.,Solicitação de saída inválida.,Demande de départ non valide.,Ungültige Abwesenheitsanfrage.,Richiesta di uscita non valida.,無効な退出リクエストです。,유효하지 않은 퇴장 요청입니다.,无效的离开请求。,無效的離開請求。,Permintaan cuti yang tidak valid.,คำขอออกไม่ถูกต้อง,Geçersiz ayrılma isteği.,Yêu cầu rời không hợp lệ.,Nieprawidłowa prośba o opuszczenie.,طلب المغادرة غير صالح.,
,,Matchmaking error: the player cannot leave because the match is already sending everyone to the game,This queue is teleporting.,Эта очередь телепортируется.,Esta cola se está teletransportando.,Esta fila está sendo teleportada.,Cette file d'attente se téléporte.,Diese Warteschlange wird teleportiert.,Questa coda si sta teletrasportando.,このキューはテレポートしています。,이 큐는 순간이동 중입니다.,这个队列正在传送中。,這個隊列正在傳送中。,Antrian ini sedang berteleportasi.,คิวนี้กำลังเทเลพอร์ตอยู่.,Bu kuyruk teleport ediliyor.,Hàng đợi này đang dịch chuyển.,Ta kolejka jest teleportowana.,: يتم نقل هذه الطابورة. ,
,,Matchmaking error: the client asked for a match action the server does not recognise,Unknown queue action.,Неизвестное действие очереди.,Acción de cola desconocida.,Ação de fila desconhecida.,Action de queue inconnue.,Unbekannte Warteschlangen-Aktion.,Azione di coda sconosciuta.,不明なキューアクションです。,알 수 없는 큐 동작입니다.,未知的队列操作。,未知的排隊動作。,Aksi antrian yang tidak diketahui.,ไม่ทราบการดำเนินการคิว ,Bilinmeyen kuyruk eylemi.,Không biết hành động hàng đợi là gì.,Nieznana akcja kolejki.,إجراء الطابور غير معروف.,
,,"Matchmaking error: the selected difficulty is not one of Easy, Medium or Hard",Choose a valid difficulty.,Выберите действительную сложность.,Elige una dificultad válida.,Escolha uma dificuldade válida.,Choisissez une difficulté valide.,Wähle eine gültige Schwierigkeit.,Scegli una difficoltà valida.,有効な難易度を選択してください。,유효한 난이도를 선택하세요.,选择一个有效的难度。 ,選擇一個有效的難度。,Pilih kesulitan yang valid.,เลือกความยากที่ถูกต้อง,Geçerli bir zorluk seçin.,Chọn một độ khó hợp lệ.,Wybierz poprawną trudność.,اختر صعوبة صالحة.,
,,Matchmaking error: the selected party size is not one the game allows,Choose a valid player count.,Выберите допустимое количество игроков.,Elige un número de jugadores válido.,Escolha uma contagem de jogadores válida.,Choisissez un nombre de joueurs valide.,Wähle eine gültige Spielerzahl.,Scegli un numero di giocatori valido.,有効なプレイヤー数を選択してください。,유효한 플레이어 수를 선택하세요.,选择一个有效的玩家数量。,選擇有效的玩家數量。,Pilih jumlah pemain yang valid.,เลือกจำนวนผู้เล่นที่ถูกต้อง,Geçerli bir oyuncu sayısı seçin.,Chọn một số người chơi hợp lệ.,Wybierz poprawną liczbę graczy.,اختر عدد اللاعبين الصالح.,
,,Matchmaking error: only the first player on the pad may set difficulty and party size,Only the queue leader can configure this match.,Только лидер очереди может настроить этот матч.,Solo el líder de la cola puede configurar esta partida.,Apenas o líder da fila pode configurar esta partida.,Seul le leader de la file d'attente peut configurer ce match.,Nur der Warteschlangenleiter kann dieses Match konfigurieren.,Solo il leader della coda può configurare questa partita.,このマッチを設定できるのはキューリーダーだけです。,큐의 리더만 이 매치를 구성할 수 있습니다.,只有队列队长才能配置此匹配。,只有隊列隊長才能設定這場比賽。,Hanya pemimpin antrian yang dapat mengkonfigurasi pertandingan ini.,เฉพาะผู้นำคิวเท่านั้นที่สามารถกำหนดค่าการแข่งขันนี้ได้ ,Sadece kuyruk lideri bu maçı yapılandırabilir.,Chỉ người dẫn đầu hàng đợi mới có thể cấu hình trận đấu này.,Tylko lider kolejki może skonfigurować ten mecz.,فقط قائد الطابور يمكنه تهيئة هذه المباراة.,
,,Matchmaking error: the party-size limit was set lower than the number of players already on the pad,Maximum players cannot be below the current player count.,Максимальное количество игроков не может быть меньше текущего количества игроков.,El número máximo de jugadores no puede ser inferior al número actual de jugadores.,O número máximo de jogadores não pode ser inferior ao número atual de jogadores.,Le nombre maximum de joueurs ne peut pas être inférieur au nombre actuel de joueurs.,Die maximale Anzahl von Spielern darf nicht unter der aktuellen Anzahl von Spielern liegen.,Il numero massimo di giocatori non può essere inferiore al numero attuale di giocatori.,最大プレイヤー数は、現在のプレイヤー数以下には設定できません。,최대 플레이어 수는 현재 플레이어 수보다 작을 수 없습니다.,最大玩家数量不能低于当前的玩家数量。,最大玩家數量不能低於當前的玩家數量。,Jumlah pemain maksimal tidak boleh di bawah jumlah pemain saat ini.,ผู้เล่นสูงสุดไม่สามารถต่ำกว่าจำนวนผู้เล่นปัจจุบันได้,Maksimum oyuncu sayısı mevcut oyuncu sayısının altında olamaz.,Số người chơi tối đa không thể thấp hơn số người chơi hiện tại.,Maksymalna liczba graczy nie może być niższa od aktualnej liczby graczy.,لا يمكن أن يكون الحد الأقصى لعدد اللاعبين أقل من عدد اللاعبين الحالي.,
,,Matchmaking error: the countdown has finished and settings can no longer change,This queue is already starting.,Эта очередь уже начинается.,Esta cola ya está empezando.,Esta fila já está começando.,Cette file d'attente commence déjà.,Diese Warteschlange beginnt bereits.,Questa coda sta già iniziando.,このキューはすでに開始されています。,이 대기열은 이미 시작되고 있습니다.,这个队列已经开始了。,這個隊列已經開始了。,Antrian ini sudah dimulai.,คิวนี้กำลังจะเริ่มแล้ว,Bu kuyruk zaten başlıyor.,Hàng đợi này đã bắt đầu.,Ta kolejka już się zaczyna.,هذه الطابورة بدأت بالفعل.,
,,Matchmaking error: the combination of difficulty and party size was rejected,Invalid queue configuration.,Неверная конфигурация очереди.,Configuración de cola no válida.,Configuração de fila inválida.,Configuration de file d'attente non valide.,Ungültige Warteschlangenkonfiguration.,Configurazione della coda non valida.,無効なキュー構成です。,잘못된 큐 구성입니다.,无效的队列配置。,無效的隊列設定。,Konfigurasi antrian yang tidak valid.,การกำหนดค่าคิวไม่ถูกต้อง,Geçersiz kuyruk yapılandırması.,Cấu hình hàng đợi không hợp lệ.,Niepoprawna konfiguracja kolejki.,تكوين الطابور غير صالح.,
,,,Starter Pack,Стартовый набор,Paquete de inicio ,Pacote de Iniciante,Kit de départ,Starterpaket ,Pacchetto iniziale ,スターターパック,스타터 팩,新手包 ,新手禮包,Paket Pemula ,แพ็คเริ่มต้น,Başlangıç Paketi ,Gói Khởi Đầu,Pakiet startowy,حزمة المبتدئين,
,,,Over x4 the value,Более x4 значение,Más de x4 el valor ,Mais de x4 o valor,Plus de x4 la valeur,Über x4 der Wert,Più di x4 il valore,値を4倍以上にする,값의 4배 이상,超过 x4 的值,超過 x4 值,Lebih dari x4 nilai,มากกว่า x4 ค่า,Değerin x4 katı,Vượt quá x4 giá trị,Ponad x4 wartość,أكثر من 4 أضعاف القيمة,
,,,x2 Cal,x2 калорий,x2 Calorías,x2 Cal,x2 Calories,x2 Kalorien,x2 Calorie,x2カロリー,x2 칼로리,x2 卡路里 ,x2 卡路里,x2 Kalori,x2 Cal,x2 Kalori,x2 Cal,x2 kalorie,×2 السعرات الحرارية,
,,,Bite+,Укусить+,Mordida+,Morder+,Mordre+,Beißen+,Morso+,噛む+,깨물기+,咬+,咬+,Gigit+,กัด+,Isır+,Cắn+,Ugryzienie+,العض+,
,,,x2 Speed,x2 Скорость,x2 Velocidad,x2 Velocidade,x2 Vitesse,x2 Geschwindigkeit,x2 Velocità,x2 スピード,x2 스피드,x2 速度,雙倍速度,x2 Kecepatan,x2 ความเร็ว,x2 Hız,x2 Tốc độ,x2 Prędkość,سرعة x2,
,,,Eats a whole layer,Съедает целый слой,Se come una capa entera ,Come uma camada inteira ,Mange une couche entière ,Iss eine ganze Schicht ,Mangia uno strato intero,全体の層を食べる,전체 층을 먹어요,吃掉一整层,吃掉整層,Memakan seluruh lapisan ,กินทั้งชั้น ,Tüm bir katman yer,Ăn cả một lớp,Zjada całą warstwę ,يأكل طبقة كاملة ,
,,,x2 Calories,x2 калорий,x2 Calorías ,x2 Calorias,x2 Calories,x2 Kalorien,x2 Calorie,x2カロリー,x2 칼로리,x2 卡路里,雙倍卡路里,x2 Kalori ,x2 แคลอรี่,x2 Kalori,x2 Calo,x2 Kalorie,×2 السعرات الحرارية,
,,,x2 cals (15m),x2 выстрелов (15 м),x2 cals (15m),x2 cals (15m),x2 cal (15m),x2 Schüsse (15m),x2 calorie (15m),x2カロリー（15m）,x2 캘 (15m),x2 口径（15米）,x2 口徑（15 公尺）,x2 kalori (15m),x2 แคล (15ม.),x2 kalori (15m),x2 cal (15m),x2 kalibry (15m),×2 الكالوريات (15 مترًا),
,,,Extra Bite,Дополнительный укус,Mordida extra,Mordida Extra,Morsure supplémentaire,Extra-Biss ,Morso Extra,エクストラバイト,추가 바이트,额外一口,額外一口,Gigitan Ekstra,กัดพิเศษ,Ekstra ısırma ,Thêm một miếng,Dodatkowe ugryzienie,لقمة إضافية,
,,,+40% bite (15m),+40% укуса (15 м),+40% mordida (15m),+40% mordida (15m),+40% morsure (15m),+40% Biss (15m),+40% morso (15m),+40% 噛みつき（15m）,+40% 물기 (15m),+40% 咬击伤害（15 米） ,+40% 咬擊力（15 公尺）,+40% gigitan (15m),+40% การกัด (15m),+40% ısırma (15m),+40% cú hấm (15m),+40% ugryzienia (15m),+40% العضة (15 مترًا),
,,,x2 speed (15m),x2 скорость (15м),x2 velocidad (15m),x2 velocidade (15m),x2 vitesse (15m),x2 Geschwindigkeit (15m),x2 velocità (15m),x2スピード（15m）,x2 스피드 (15m),x2 速度（15 米） ,雙倍速度（15公尺）,x2 kecepatan (15m),x2 ความเร็ว (15 ม.),x2 hız (15m),x2 tốc độ (15m),x2 prędkość (15m),سرعة x2 (15 مترًا),
,,,x2 Stomach,x2 Желудок,x2 Estómago ,x2 Estômago,x2 Estomac,x2 Magen,x2 Stomaco ,x2 胃,x2 배\n,x2 胃,x2 胃,x2 Perut ,x2 ท้อง ,x2 Mide,x2 Dạ dày,x2 Brzuch,x2 المعدة,
,,,x2 belly (15m),x2 живот (15м),x2 barriga (15m),x2 barriga (15m),x2 ventre (15m),x2 Bauch (15m),x2 pancia (15m),x2腹部（15m）,x2 배 (15m),x2 肚子（15米）,x2 肚子（15 公尺）,x2 perut (15m),x2 ท้อง (15ม.),x2 göbek (15m),x2 bụng (15m),x2 brzuszek (15m),×2 البطن (15 مترًا),
,,,100 Gems,100 самоцветов,100 Gemas ,100 Joias ,100 gemmes,100 Edelsteine ,100 gemme,100ジェム ,100 보석,100 颗宝石,100 顆寶石,100 Permata ,100 อัญมณี,100 Mücevher,100 đá quý ,100 klejnotów,100 جواهر ,
,,,Starter stash,Стартовый запас ,Botín de principiante,Esconderijo inicial ,Réserve de départ,Starter-Versteck ,Scorte iniziali ,スターターの隠れ家,스타터 스테시,新手藏品 ,新手藏身處,Simpanan awal ,ที่เก็บของเริ่มต้น,Başlangıç ​​depolama,Kho khởi đầu,Rezerwa startowa,المخبأ المبدئي,
,,,450 Gems,450 самоцветов,450 Gemas ,450 Gemas,450 gemmes,450 Edelsteine ,450 gemme,450ジェム,450 보석,450 颗宝石,450 顆寶石,450 Permata,450 เพชร,450 Mücevher,450 đá quý ,450 klejnotów,450 الأحجار الكريمة ,
,,,+12% bonus,+12% бонус,+12% de bonificación ,+12% de bônus,+12% de bonus,+12% Bonus,+12% bonus,+12% ボーナス,+12% 보너스,+12% 加成,+12% 獎勵,+12% bonus,+12% โบนัส,+12% bonus,+12% tiền thưởng,+12% bonusu,+12% مكافأة,
,,,"1,050 Gems",1 050 самоцветов,"1,050 Gemas ",1.050 Gemas,1 050 gemmes,1.050 Edelsteine ,1.050 gemme,"1,050ジェム","1,050 보석","1,050颗宝石 ","1,050 顆寶石",1.050 Permata ,"1,050 อัญมณี",1.050 Mücevher,1.050 đá quý ,1 050 klejnotów,1050 جواهر ,
,,,+17% bonus,+17% бонус,+17% de bonificación,+17% de bônus,+17% de bonus,+17% Bonus ,+17% bonus,+17% ボーナス,+17% 보너스,+17% 加成,+17% 獎勵,+17% bonus,+17% โบนัส,+17% bonus,+17% tiền thưởng,+17% bonusu,+17% مكافأة,
,,,"2,500 Gems","2,500 самоцветов ",2.500 Gemas ,2.500 Gemas ,2 500 gemmes,2.500 Edelsteine ,2.500 gemme ,"2,500ジェム","2,500 보석","2,500颗宝石 ","2,500顆寶石",2.500 Permata ,"2,500 อัญมณี",2.500 Mücevher,2.500 đá quý ,2 500 klejnotów,2500 الأحجار الكريمة ,
,,,+25% bonus,+25% бонус,+25% de bonificación ,+25% bônus,+25% de bonus,+25% Bonus ,+25% bonus,+25% ボーナス,+25% 보너스,+25% 加成,+25% 獎勵,+25% bonus,+25% โบนัส,+25% bonus,+25% tiền thưởng,+25% bonusu,+25% مكافأة,
,,,All cals x2,Все калибры x2,Todas las cals x2,Todos os Cals x2 ,Tous les Cals x2,Alle Cals x2,Tutte le calorie x2,すべてのカロリー x2,모든 칼로리 x2,所有伤害 x2\n ,所有卡路里 x2,Semua kalsium x2,ทุกแคล x2,Tüm atışlar x2,Tất cả calorie x2,Wszystkie kule x2,جميع المكالمات x2,
,,,x2 Gems,x2 драгоценных камней,x2 Gemas ,x2 Gemas ,x2 gemmes,x2 Edelsteine ,x2 gemme ,x2 ジェム,x2 보석,x2 宝石,雙倍寶石 ,x2 Permata ,x2 เพชร,x2 Mücevher,x2 Đá quý ,x2 Klejnoty ,×2 الجواهر ,
,,,Gem finds x2,Находки драгоценных камней x2,hallazgos de gemas x2,Achados de gemas x2,Trouve de gemmes x2,Gem-Funde x2,Ritrovamenti di gemme x2,ジェムの発見数 x2,보석 발견 x2,宝石发现量 x2,寶石發現數 x2,Penemuan permata x2 ,พบอัญมณี x2,Mücevher buluşları x2 ,Số lượng đá quý tìm thấy x2,Znalezione klejnoty x2,العثور على الأحجار الكريمة x2,
,,,Auto-Eat,Авто-еда,Auto-Comer,Auto-Comer,Mange automatique,Auto-Essen,Auto-Mangia ,自動食事,자동 먹기,自动进食,自動進食,Makan Otomatis,กินอัตโนมัติ,Otomatik Yemek,Tự động ăn,Auto-jedzenie,الأكل التلقائي,
,,,Eats for you,Ест за тебя,Come por ti ,Come por você,Mange pour vous,Essen für dich,Mangia per te,あなたのために食べます,당신을 위해 먹어요,为你吃饭 ,為你吃飯,Makan untuk Anda,กินให้คุณ,Sizin için yemek yer,Ăn cho bạn,Jedzie za ciebie,يأكل لك,
,,,Auto-Gym,Авто-гимнастика ,Auto-Gimnasio ,Auto-Ginásio ,Auto-Gym,Auto-Fitnessstudio ,Auto-Gym ,オートジム,자동 헬스장,自动健身房 ,自動健身房 ,Gim Otomatis ,ออโต้-ยิม ,Otomatik Spor Salonu,Phòng tập tự động ,Auto-siłownia,الصالة الرياضية التلقائية ,
,,,Trains for you,Поезда для вас,Entrena para ti ,Treina para você,Des trains pour vous,Züge für dich ,Treni per te,あなたのためのトレーニング,당신을 위한 열차,为你训练 ,為你訓練,Kereta untuk Anda,รถไฟสำหรับคุณ,Sizin için trenler,Xe lửa cho bạn,Pociągi dla ciebie,القطارات لك,
,,,Double capacity,Двойная вместимость,Doble capacidad ,Dupla capacidade,Double capacité,Doppelte Kapazität,Doppia capacità,2倍容量,2배 용량,双倍容量,雙倍容量,Kapasitas ganda ,ความจุสองเท่า,Çift kapasite,Gấp đôi sức chứa,Podwójna pojemność,السعة المضاعفة,
,,,VIP,VIP,VIP,VIP,VIP,VIP,VIP,VIP,VIP,贵宾,貴賓,VIP,VIP,VIP,VIP,VIP,الكبار,
,,,Perks + 5 slots,Преимущества + 5 слотов,Beneficios + 5 espacios,Vantagens + 5 slots,Avantages + 5 emplacements,Vorteile + 5 Slots,Vantaggi + 5 slot,特典+5スロット,특전 + 슬롯 5개,技能+5个槽位,額外技能+5欄位,Keuntungan + 5 slot,Perks + 5 ช่อง,Avantajlar + 5 slot,Lợi ích + 5 chỗ,Perki + 5 miejsc,المزايا + 5 فتحات ,
,,"Name of the boss monster that guards the cake, shown on its health-bar nameplate (CakeConfig.bossName)",Cake Guardian,Хранитель тортов,Guardián de pasteles,Guardião de Bolos,Gardien de gâteaux,Kuchenwächter,Guardiano delle torte,ケーキガーディアン,케이크 가디언,蛋糕守护者,蛋糕守護者,Penjaga Kue ,ผู้พิทักษ์เค้ก,Kek Muhafızı,Người giám hộ bánh,Strażnik ciasta,حارس الكعك ,yes
announce-boss-spawned,,,The Cake Guardian awakens!,Хранитель тортов пробуждается!,¡El Guardián de Pasteles se despierta!,O Guardião de Bolos desperta!,Le Gardien des gâteaux se réveille !,Der Kuchenwächter erwacht!,Il Guardiano delle Torte si sveglia!,ケーキガーディアンが目覚めます！,케이크 가디언이 깨어납니다!,蛋糕守护者觉醒了！ ,蛋糕守護者覺醒了！ ,Penjaga Kue bangun!,ผู้พิทักษ์เค้กตื่นขึ้นแล้ว!,Kek Muhafızı uyanıyor!,Người giám hộ bánh thức dậy!,Strażnik ciasta budzi się!,يوقظ حارس الكعكة!,yes
announce-miniboss-defeated,,,MINI-BOSS DOWN! DIG DEEPER!,Мини-босс повержен! Копайте глубже!,¡MINI-JEFE DERROTADO! ¡EXCAVA MÁS PROFUNDO!,MINICHEFE DERROTADO! CAVE MAIS FUNDO!,MINI-BOSS À TERRE ! Creuse plus profondément !,MINI-BOSS BESIEGT! GRABE TIEFER! ,MINI-BOS SCONFITTO! SCAVA PIÙ IN PROFONDITÀ!,ミニボスを倒した！もっと深く掘ろう！,미니 보스를 쓰러뜨렸어요! 더 깊이 파보세요!,小头目被打败了！继续挖掘吧！ ,迷你魔王被擊敗了！繼續挖掘吧！ ,MINI-BOSS JATUH! GALI LEBIH DALAM!,มินิบอสล้มลงแล้ว! ขุดลึกลงไป!,Mini patron düştü! Daha derine kazın!,MINI-BOSS BỊ HẠ! HÃY ĐÀO SÂU HƠN!,MINI-BOSS POKONANY! Kop dalej!,الزعيم الصغير قد سقط! حفر أعمق!,yes
cake-boss,,,BOSS! {timer}s,БОСС! {timer} секунд,JEFE! {timer}s,CHEFE! {timer}s,BOSS ! {timer} s,BOSS! {timer} s,BOSS! {timer} s,ボス！ {timer}秒 ,보스! {timer}초,头目！{timer}秒 ,老闆！{timer}秒 ,BOS! {timer} detik,บอส! {timer}s,Patron! {timer} saniye,BOSS! {timer} giây,Szef! {timer} s,الزعيم! {timer} ثواني,yes
cake-miniboss,,,MINI-BOSS! EAT IT!,Мини-босс! Съешь его!,¡MINI-JEFE! ¡COMELO!,MINI-CHEFE! COMA-O!,MINI-BOSS ! MANGEZ-LE !,MINI-BOSS! Iss es!,MINI-BOS! MANGIALO!,ミニボス！食べよう！,미니-보스! 먹어라!,迷你头目！吃掉它吧！ ,迷你魔王！把它吃掉吧！,MINI-BOSS! MAKAN ITU!,มินิ-บอส! กินมัน!,Mini patron! Onu ye!,MINI-BOSS! ĂN NÓ!,MINI-BOSS! Zjedz to!,الزعيم الصغير! تناوله!,yes
